Date,BZ=F,CL=F
2010-01-04,80.12000274658203,81.51000213623047
2010-01-05,80.58999633789062,81.7699966430664
2010-01-06,81.88999938964844,83.18000030517578
2010-01-07,81.51000213623047,82.66000366210938
2010-01-08,81.37000274658203,82.75
2010-01-11,80.97000122070312,82.5199966430664
2010-01-12,79.30000305175781,80.79000091552734
2010-01-13,78.30999755859375,79.6500015258789
2010-01-14,77.81999969482422,79.38999938964844
2010-01-15,77.11000061035156,78.0
2010-01-19,77.62999725341797,79.0199966430664
2010-01-20,76.31999969482422,77.62000274658203
2010-01-21,74.58000183105469,76.08000183105469
2010-01-22,72.83000183105469,74.54000091552734
2010-01-25,73.69000244140625,75.26000213623047
2010-01-26,73.29000091552734,74.70999908447266
2010-01-27,72.23999786376953,73.66999816894531
2010-01-28,72.12999725341797,73.63999938964844
2010-01-29,71.45999908447266,72.88999938964844
2010-02-01,73.11000061035156,74.43000030517578
2010-02-02,76.05999755859375,77.2300033569336
2010-02-03,75.91999816894531,76.9800033569336
2010-02-04,72.12999725341797,73.13999938964844
2010-02-05,69.58999633789062,71.19000244140625
2010-02-08,70.11000061035156,71.88999938964844
2010-02-09,72.12999725341797,73.75
2010-02-10,72.54000091552734,74.5199966430664
2010-02-11,73.05000305175781,75.27999877929688
2010-02-12,72.9000015258789,74.12999725341797
2010-02-16,75.68000030517578,77.01000213623047
2010-02-17,76.2699966430664,77.33000183105469
2010-02-18,77.77999877929688,79.05999755859375
2010-02-19,78.19000244140625,79.80999755859375
2010-02-22,78.61000061035156,80.16000366210938
2010-02-23,77.25,78.86000061035156
2010-02-24,78.08999633789062,80.0
2010-02-25,76.29000091552734,78.16999816894531
2010-02-26,77.58999633789062,79.66000366210938
2010-03-01,76.88999938964844,78.69999694824219
2010-03-02,78.18000030517578,79.68000030517578
2010-03-03,79.25,80.87000274658203
2010-03-04,78.54000091552734,80.20999908447266
2010-03-05,79.88999938964844,81.5
2010-03-08,80.47000122070312,81.87000274658203
2010-03-09,79.91000366210938,81.48999786376953
2010-03-10,80.4800033569336,82.08999633789062
2010-03-11,80.27999877929688,82.11000061035156
2010-03-12,79.38999938964844,81.23999786376953
2010-03-15,77.88999938964844,79.80000305175781
2010-03-16,79.0199966430664,81.69999694824219
2010-03-17,81.95999908447266,82.93000030517578
2010-03-18,81.4800033569336,82.19999694824219
2010-03-19,79.87999725341797,80.68000030517578
2010-03-22,80.54000091552734,81.25
2010-03-23,80.69999694824219,81.91000366210938
2010-03-24,79.62000274658203,80.61000061035156
2010-03-25,79.61000061035156,80.52999877929688
2010-03-26,79.29000091552734,80.0
2010-03-29,81.16999816894531,82.16999816894531
2010-03-30,81.27999877929688,82.37000274658203
2010-03-31,82.69999694824219,83.76000213623047
2010-04-01,84.01000213623047,84.87000274658203
2010-04-05,85.87999725341797,86.62000274658203
2010-04-06,86.1500015258789,86.83999633789062
2010-04-07,85.58999633789062,85.87999725341797
2010-04-08,84.80999755859375,85.38999938964844
2010-04-09,84.83000183105469,84.91999816894531
2010-04-12,84.7699966430664,84.33999633789062
2010-04-13,84.72000122070312,84.05000305175781
2010-04-14,86.1500015258789,85.83999633789062
2010-04-15,87.16999816894531,85.51000213623047
2010-04-16,85.98999786376953,83.23999786376953
2010-04-19,84.2300033569336,81.44999694824219
2010-04-20,84.80000305175781,83.44999694824219
2010-04-21,85.69999694824219,83.68000030517578
2010-04-22,85.66999816894531,83.69999694824219
2010-04-23,87.25,85.12000274658203
2010-04-26,86.83000183105469,84.19999694824219
2010-04-27,85.77999877929688,82.44000244140625
2010-04-28,86.16000366210938,83.22000122070312
2010-04-29,86.9000015258789,85.16999816894531
2010-04-30,87.44000244140625,86.1500015258789
2010-05-03,88.94000244140625,86.19000244140625
2010-05-04,,82.73999786376953
2010-05-05,82.61000061035156,79.97000122070312
2010-05-06,79.83000183105469,77.11000061035156
2010-05-07,78.2699966430664,75.11000061035156
2010-05-10,80.12000274658203,76.80000305175781
2010-05-11,80.48999786376953,76.37000274658203
2010-05-12,81.19999694824219,75.6500015258789
2010-05-13,80.11000061035156,74.4000015258789
2010-05-14,77.18000030517578,71.61000061035156
2010-05-17,75.0999984741211,70.08000183105469
2010-05-18,74.43000030517578,69.41000366210938
2010-05-19,73.69000244140625,69.87000274658203
2010-05-20,71.83999633789062,68.01000213623047
2010-05-21,71.68000030517578,70.04000091552734
2010-05-24,71.16999816894531,70.20999908447266
2010-05-25,69.55000305175781,68.75
2010-05-26,71.73999786376953,71.51000213623047
2010-05-27,74.66000366210938,74.55000305175781
2010-05-28,74.0199966430664,73.97000122070312
2010-06-01,72.70999908447266,72.58000183105469
2010-06-02,73.75,72.86000061035156
2010-06-03,75.41000366210938,74.61000061035156
2010-06-04,72.08999633789062,71.51000213623047
2010-06-07,72.08999633789062,71.44000244140625
2010-06-08,72.08999633789062,71.98999786376953
2010-06-09,72.08999633789062,74.37999725341797
2010-06-10,75.29000091552734,75.4800033569336
2010-06-11,74.3499984741211,73.77999877929688
2010-06-14,75.19999694824219,75.12000274658203
2010-06-15,76.19999694824219,76.94000244140625
2010-06-16,78.13999938964844,77.66999816894531
2010-06-17,78.68000030517578,76.79000091552734
2010-06-18,78.22000122070312,77.18000030517578
2010-06-21,78.81999969482422,77.81999969482422
2010-06-22,78.04000091552734,77.20999908447266
2010-06-23,76.2699966430664,76.3499984741211
2010-06-24,76.47000122070312,76.51000213623047
2010-06-25,78.12000274658203,78.86000061035156
2010-06-28,77.58999633789062,78.25
2010-06-29,75.44000244140625,75.94000244140625
2010-06-30,75.01000213623047,75.62999725341797
2010-07-01,72.33999633789062,72.94999694824219
2010-07-02,71.6500015258789,72.13999938964844
2010-07-06,71.44999694824219,71.9800033569336
2010-07-07,73.51000213623047,74.06999969482422
2010-07-08,74.70999908447266,75.44000244140625
2010-07-09,75.41999816894531,76.08999633789062
2010-07-12,74.37000274658203,74.94999694824219
2010-07-13,76.6500015258789,77.1500015258789
2010-07-14,76.7699966430664,77.04000091552734
2010-07-15,,76.62000274658203
2010-07-16,75.37000274658203,76.01000213623047
2010-07-19,75.62000274658203,76.54000091552734
2010-07-20,76.22000122070312,77.44000244140625
2010-07-21,75.37000274658203,76.55999755859375
2010-07-22,77.81999969482422,79.30000305175781
2010-07-23,77.44999694824219,78.9800033569336
2010-07-26,77.5,78.9800033569336
2010-07-27,76.12999725341797,77.5
2010-07-28,76.05999755859375,76.98999786376953
2010-07-29,77.58999633789062,78.36000061035156
2010-07-30,78.18000030517578,78.94999694824219
2010-08-02,80.81999969482422,81.33999633789062
2010-08-03,82.68000030517578,82.55000305175781
2010-08-04,82.19999694824219,82.47000122070312
2010-08-05,81.61000061035156,82.01000213623047
2010-08-06,80.16000366210938,80.69999694824219
2010-08-09,80.98999786376953,81.4800033569336
2010-08-10,79.5999984741211,80.25
2010-08-11,77.63999938964844,78.0199966430664
2010-08-12,75.5199966430664,75.73999786376953
2010-08-13,75.11000061035156,75.38999938964844
2010-08-16,74.8499984741211,75.23999786376953
2010-08-17,76.93000030517578,75.7699966430664
2010-08-18,76.47000122070312,75.41999816894531
2010-08-19,75.30000305175781,74.43000030517578
2010-08-20,74.26000213623047,73.45999908447266
2010-08-23,73.62000274658203,73.0999984741211
2010-08-24,72.37999725341797,71.62999725341797
2010-08-25,73.4800033569336,72.5199966430664
2010-08-26,75.0199966430664,73.36000061035156
2010-08-27,76.6500015258789,75.16999816894531
2010-08-30,76.5999984741211,74.69999694824219
2010-08-31,74.63999938964844,71.91999816894531
2010-09-01,76.3499984741211,73.91000366210938
2010-09-02,76.93000030517578,75.0199966430664
2010-09-03,76.66999816894531,74.5999984741211
2010-09-07,77.73999786376953,74.08999633789062
2010-09-08,78.16999816894531,74.66999816894531
2010-09-09,77.47000122070312,74.25
2010-09-10,78.16000366210938,76.44999694824219
2010-09-13,79.02999877929688,77.19000244140625
2010-09-14,79.16000366210938,76.80000305175781
2010-09-15,78.91000366210938,76.0199966430664
2010-09-16,78.4800033569336,74.56999969482422
2010-09-17,78.20999908447266,73.66000366210938
2010-09-20,79.31999969482422,74.86000061035156
2010-09-21,78.41999816894531,73.5199966430664
2010-09-22,77.94999694824219,74.70999908447266
2010-09-23,78.11000061035156,75.18000030517578
2010-09-24,78.87000274658203,76.48999786376953
2010-09-27,78.56999969482422,76.5199966430664
2010-09-28,78.70999908447266,76.18000030517578
2010-09-29,80.7699966430664,77.86000061035156
2010-09-30,82.30999755859375,79.97000122070312
2010-10-01,83.75,81.58000183105469
2010-10-04,83.27999877929688,81.47000122070312
2010-10-05,84.83999633789062,82.81999969482422
2010-10-06,85.05999755859375,83.2300033569336
2010-10-07,83.43000030517578,81.66999816894531
2010-10-08,84.02999877929688,82.66000366210938
2010-10-11,83.72000122070312,82.20999908447266
2010-10-12,83.5,81.66999816894531
2010-10-13,84.63999938964844,83.01000213623047
2010-10-14,84.52999877929688,82.69000244140625
2010-10-15,82.44999694824219,81.25
2010-10-18,84.37000274658203,83.08000183105469
2010-10-19,81.0999984741211,79.48999786376953
2010-10-20,83.5999984741211,81.7699966430664
2010-10-21,81.83000183105469,80.55999755859375
2010-10-22,82.95999908447266,81.69000244140625
2010-10-25,83.54000091552734,82.5199966430664
2010-10-26,83.66000366210938,82.55000305175781
2010-10-27,83.2300033569336,81.94000244140625
2010-10-28,83.58999633789062,82.18000030517578
2010-10-29,83.1500015258789,81.43000030517578
2010-11-01,84.62000274658203,82.94999694824219
2010-11-02,85.41000366210938,83.9000015258789
2010-11-03,86.37999725341797,84.69000244140625
2010-11-04,88.0,86.48999786376953
2010-11-05,88.11000061035156,86.8499984741211
2010-11-08,88.45999908447266,87.05999755859375
2010-11-09,88.33000183105469,86.72000122070312
2010-11-10,88.95999908447266,87.80999755859375
2010-11-11,88.80999755859375,87.80999755859375
2010-11-12,86.33999633789062,84.87999725341797
2010-11-15,86.69999694824219,84.86000061035156
2010-11-16,84.7300033569336,82.33999633789062
2010-11-17,83.27999877929688,80.44000244140625
2010-11-18,85.05000305175781,81.8499984741211
2010-11-19,84.33999633789062,81.51000213623047
2010-11-22,83.95999908447266,81.73999786376953
2010-11-23,83.25,81.25
2010-11-24,85.83999633789062,83.86000061035156
2010-11-26,85.58000183105469,83.76000213623047
2010-11-29,87.33999633789062,85.7300033569336
2010-11-30,85.91999816894531,84.11000061035156
2010-12-01,88.87000274658203,86.75
2010-12-02,90.69000244140625,88.0
2010-12-03,91.41999816894531,89.19000244140625
2010-12-06,91.44999694824219,89.37999725341797
2010-12-07,91.38999938964844,88.69000244140625
2010-12-08,90.7699966430664,88.27999877929688
2010-12-09,90.98999786376953,88.37000274658203
2010-12-10,90.4800033569336,87.79000091552734
2010-12-13,91.19000244140625,88.61000061035156
2010-12-14,91.20999908447266,88.27999877929688
2010-12-15,92.19999694824219,88.62000274658203
2010-12-16,91.70999908447266,87.69999694824219
2010-12-17,91.66999816894531,88.0199966430664
2010-12-20,92.73999786376953,88.80999755859375
2010-12-21,93.19999694824219,89.81999969482422
2010-12-22,93.6500015258789,90.4800033569336
2010-12-23,94.25,91.51000213623047
2010-12-27,93.8499984741211,91.0
2010-12-28,94.37999725341797,91.48999786376953
2010-12-29,94.13999938964844,91.12000274658203
2010-12-30,93.08999633789062,89.83999633789062
2010-12-31,94.75,91.37999725341797
2011-01-03,94.83999633789062,91.55000305175781
2011-01-04,93.52999877929688,89.37999725341797
2011-01-05,95.5,90.30000305175781
2011-01-06,94.5199966430664,88.37999725341797
2011-01-07,93.33000183105469,88.02999877929688
2011-01-10,95.69999694824219,89.25
2011-01-11,97.61000061035156,91.11000061035156
2011-01-12,98.12000274658203,91.86000061035156
2011-01-13,98.05999755859375,91.4000015258789
2011-01-14,,91.54000091552734
2011-01-18,97.80000305175781,91.37999725341797
2011-01-19,98.16000366210938,90.86000061035156
2011-01-20,96.58000183105469,88.86000061035156
2011-01-21,97.5999984741211,89.11000061035156
2011-01-24,96.61000061035156,87.87000274658203
2011-01-25,95.25,86.19000244140625
2011-01-26,97.91000366210938,87.33000183105469
2011-01-27,97.38999938964844,85.63999938964844
2011-01-28,99.41999816894531,89.33999633789062
2011-01-31,101.01000213623047,92.19000244140625
2011-02-01,101.73999786376953,90.7699966430664
2011-02-02,102.33999633789062,90.86000061035156
2011-02-03,101.76000213623047,90.54000091552734
2011-02-04,99.83000183105469,89.02999877929688
2011-02-07,99.25,87.4800033569336
2011-02-08,99.91999816894531,86.94000244140625
2011-02-09,101.81999969482422,86.70999908447266
2011-02-10,100.87000274658203,86.7300033569336
2011-02-11,101.43000030517578,85.58000183105469
2011-02-14,103.08000183105469,84.80999755859375
2011-02-15,101.63999938964844,84.31999969482422
2011-02-16,103.77999877929688,84.98999786376953
2011-02-17,102.58999633789062,86.36000061035156
2011-02-18,102.5199966430664,86.19999694824219
2011-02-22,105.77999877929688,93.56999969482422
2011-02-23,111.25,98.0999984741211
2011-02-24,111.36000061035156,97.27999877929688
2011-02-25,112.13999938964844,97.87999725341797
2011-02-28,111.80000305175781,96.97000122070312
2011-03-01,115.41999816894531,99.62999725341797
2011-03-02,116.3499984741211,102.2300033569336
2011-03-03,114.79000091552734,101.91000366210938
2011-03-04,115.97000122070312,104.41999816894531
2011-03-07,115.04000091552734,105.44000244140625
2011-03-08,113.05999755859375,105.0199966430664
2011-03-09,115.94000244140625,104.37999725341797
2011-03-10,115.43000030517578,102.69999694824219
2011-03-11,113.83999633789062,101.16000366210938
2011-03-14,113.66999816894531,101.19000244140625
2011-03-15,108.5199966430664,97.18000030517578
2011-03-16,110.62000274658203,97.9800033569336
2011-03-17,114.9000015258789,101.41999816894531
2011-03-18,113.93000030517578,101.06999969482422
2011-03-21,114.95999908447266,102.33000183105469
2011-03-22,115.69999694824219,104.0
2011-03-23,115.55000305175781,105.75
2011-03-24,115.72000122070312,105.5999984741211
2011-03-25,115.58999633789062,105.4000015258789
2011-03-28,114.80000305175781,103.9800033569336
2011-03-29,,104.79000091552734
2011-03-30,115.12999725341797,104.2699966430664
2011-03-31,117.36000061035156,106.72000122070312
2011-04-01,118.69999694824219,107.94000244140625
2011-04-04,121.05999755859375,108.47000122070312
2011-04-05,122.22000122070312,108.33999633789062
2011-04-06,122.30000305175781,108.83000183105469
2011-04-07,122.66999816894531,110.30000305175781
2011-04-08,126.6500015258789,112.79000091552734
2011-04-11,123.9800033569336,109.91999816894531
2011-04-12,120.91999816894531,106.25
2011-04-13,122.87999725341797,107.11000061035156
2011-04-14,122.36000061035156,108.11000061035156
2011-04-15,123.44999694824219,109.66000366210938
2011-04-18,121.61000061035156,107.12000274658203
2011-04-19,121.33000183105469,108.1500015258789
2011-04-20,,111.44999694824219
2011-04-21,123.98999786376953,112.29000091552734
2011-04-25,123.66000366210938,112.27999877929688
2011-04-26,124.13999938964844,112.20999908447266
2011-04-27,125.12999725341797,112.76000213623047
2011-04-28,125.0199966430664,112.86000061035156
2011-04-29,125.88999938964844,113.93000030517578
2011-05-02,125.12000274658203,113.5199966430664
2011-05-03,122.44999694824219,111.05000305175781
2011-05-04,121.19000244140625,109.23999786376953
2011-05-05,110.80000305175781,99.80000305175781
2011-05-06,109.12999725341797,97.18000030517578
2011-05-09,115.9000015258789,102.55000305175781
2011-05-10,117.62999725341797,103.87999725341797
2011-05-11,112.56999969482422,98.20999908447266
2011-05-12,112.9800033569336,98.97000122070312
2011-05-13,113.83000183105469,99.6500015258789
2011-05-16,112.7300033569336,97.37000274658203
2011-05-17,109.98999786376953,96.91000366210938
2011-05-18,112.30000305175781,100.0999984741211
2011-05-19,111.41999816894531,98.44000244140625
2011-05-20,112.38999938964844,99.48999786376953
2011-05-23,110.0999984741211,97.69999694824219
2011-05-24,112.52999877929688,99.58999633789062
2011-05-25,114.93000030517578,101.31999969482422
2011-05-26,115.05000305175781,100.2300033569336
2011-05-27,115.02999877929688,100.58999633789062
2011-05-31,116.7300033569336,102.69999694824219
2011-06-01,114.52999877929688,100.29000091552734
2011-06-02,115.54000091552734,100.4000015258789
2011-06-03,115.83999633789062,100.22000122070312
2011-06-06,114.4800033569336,99.01000213623047
2011-06-07,116.77999877929688,99.08999633789062
2011-06-08,117.8499984741211,100.73999786376953
2011-06-09,119.56999969482422,101.93000030517578
2011-06-10,118.77999877929688,99.29000091552734
2011-06-13,119.0999984741211,97.30000305175781
2011-06-14,120.16000366210938,99.37000274658203
2011-06-15,117.0999984741211,94.80999755859375
2011-06-16,114.0199966430664,94.94999694824219
2011-06-17,113.20999908447266,93.01000213623047
2011-06-20,111.69000244140625,93.26000213623047
2011-06-21,110.94999694824219,93.4000015258789
2011-06-22,114.20999908447266,95.41000366210938
2011-06-23,107.26000213623047,91.0199966430664
2011-06-24,105.12000274658203,91.16000366210938
2011-06-27,105.98999786376953,90.61000061035156
2011-06-28,108.77999877929688,92.88999938964844
2011-06-29,112.4000015258789,94.7699966430664
2011-06-30,112.4800033569336,95.41999816894531
2011-07-01,111.7699966430664,94.94000244140625
2011-07-05,,96.88999938964844
2011-07-06,113.62000274658203,96.6500015258789
2011-07-07,118.58999633789062,98.66999816894531
2011-07-08,118.33000183105469,96.19999694824219
2011-07-11,117.23999786376953,95.1500015258789
2011-07-12,117.75,97.43000030517578
2011-07-13,,98.05000305175781
2011-07-14,118.31999969482422,95.69000244140625
2011-07-15,117.26000213623047,97.23999786376953
2011-07-18,116.05000305175781,95.93000030517578
2011-07-19,,97.5
2011-07-20,118.1500015258789,98.13999938964844
2011-07-21,117.51000213623047,99.12999725341797
2011-07-22,118.66999816894531,99.87000274658203
2011-07-25,117.94000244140625,99.19999694824219
2011-07-26,118.27999877929688,99.58999633789062
2011-07-27,117.43000030517578,97.4000015258789
2011-07-28,117.36000061035156,97.44000244140625
2011-07-29,116.73999786376953,95.69999694824219
2011-08-01,116.80999755859375,94.88999938964844
2011-08-02,116.45999908447266,93.79000091552734
2011-08-03,113.2300033569336,91.93000030517578
2011-08-04,107.25,86.62999725341797
2011-08-05,109.37000274658203,86.87999725341797
2011-08-08,103.73999786376953,81.30999755859375
2011-08-09,102.56999969482422,79.30000305175781
2011-08-10,106.68000030517578,82.88999938964844
2011-08-11,108.0199966430664,85.72000122070312
2011-08-12,108.02999877929688,85.37999725341797
2011-08-15,109.91000366210938,87.87999725341797
2011-08-16,,86.6500015258789
2011-08-17,110.5999984741211,87.58000183105469
2011-08-18,106.98999786376953,82.37999725341797
2011-08-19,108.62000274658203,82.26000213623047
2011-08-22,108.36000061035156,84.12000274658203
2011-08-23,109.30999755859375,85.44000244140625
2011-08-24,110.1500015258789,85.16000366210938
2011-08-25,,85.30000305175781
2011-08-26,111.36000061035156,85.37000274658203
2011-08-29,111.87999725341797,87.2699966430664
2011-08-30,114.0199966430664,88.9000015258789
2011-08-31,114.8499984741211,88.80999755859375
2011-09-01,114.29000091552734,88.93000030517578
2011-09-02,112.33000183105469,86.44999694824219
2011-09-06,112.88999938964844,86.0199966430664
2011-09-07,115.80000305175781,89.33999633789062
2011-09-08,114.55000305175781,89.05000305175781
2011-09-09,112.7699966430664,87.23999786376953
2011-09-12,112.25,88.19000244140625
2011-09-13,111.88999938964844,90.20999908447266
2011-09-14,112.4000015258789,88.91000366210938
2011-09-15,115.33999633789062,89.4000015258789
2011-09-16,112.22000122070312,87.95999908447266
2011-09-19,109.13999938964844,85.69999694824219
2011-09-20,110.54000091552734,86.88999938964844
2011-09-21,110.36000061035156,85.91999816894531
2011-09-22,105.48999786376953,80.51000213623047
2011-09-23,103.97000122070312,79.8499984741211
2011-09-26,,80.23999786376953
2011-09-27,107.13999938964844,84.44999694824219
2011-09-28,103.80999755859375,81.20999908447266
2011-09-29,103.94999694824219,82.13999938964844
2011-09-30,102.76000213623047,79.19999694824219
2011-10-03,101.70999908447266,77.61000061035156
2011-10-04,99.79000091552734,75.66999816894531
2011-10-05,,79.68000030517578
2011-10-06,105.7300033569336,82.58999633789062
2011-10-07,105.87999725341797,82.9800033569336
2011-10-10,108.94999694824219,85.41000366210938
2011-10-11,110.7300033569336,85.80999755859375
2011-10-12,111.36000061035156,85.56999969482422
2011-10-13,111.11000061035156,84.2300033569336
2011-10-14,114.68000030517578,86.80000305175781
2011-10-17,110.16000366210938,86.37999725341797
2011-10-18,111.1500015258789,88.33999633789062
2011-10-19,108.38999938964844,86.11000061035156
2011-10-20,109.76000213623047,85.30000305175781
2011-10-21,109.55999755859375,87.4000015258789
2011-10-24,111.44999694824219,91.2699966430664
2011-10-25,110.91999816894531,93.16999816894531
2011-10-26,108.91000366210938,90.19999694824219
2011-10-27,112.08000183105469,93.95999908447266
2011-10-28,109.91000366210938,93.31999969482422
2011-10-31,109.55999755859375,93.19000244140625
2011-11-01,109.54000091552734,92.19000244140625
2011-11-02,109.33999633789062,92.51000213623047
2011-11-03,110.83000183105469,94.06999969482422
2011-11-04,111.97000122070312,94.26000213623047
2011-11-07,114.55999755859375,95.5199966430664
2011-11-08,115.0,96.80000305175781
2011-11-09,112.30999755859375,95.73999786376953
2011-11-10,113.70999908447266,97.77999877929688
2011-11-11,114.16000366210938,98.98999786376953
2011-11-14,111.88999938964844,98.13999938964844
2011-11-15,112.38999938964844,99.37000274658203
2011-11-16,111.87999725341797,102.58999633789062
2011-11-17,108.22000122070312,98.81999969482422
2011-11-18,107.55999755859375,97.41000366210938
2011-11-21,,96.91999816894531
2011-11-22,109.02999877929688,98.01000213623047
2011-11-23,107.0199966430664,96.16999816894531
2011-11-25,106.4000015258789,96.7699966430664
2011-11-28,109.0,98.20999908447266
2011-11-29,110.81999969482422,99.79000091552734
2011-11-30,,100.36000061035156
2011-12-01,108.98999786376953,100.19999694824219
2011-12-02,109.94000244140625,100.95999908447266
2011-12-05,109.80999755859375,100.98999786376953
2011-12-06,110.80999755859375,101.27999877929688
2011-12-07,109.52999877929688,100.48999786376953
2011-12-08,108.11000061035156,98.33999633789062
2011-12-09,108.62000274658203,99.41000366210938
2011-12-12,107.26000213623047,97.7699966430664
2011-12-13,109.5,100.13999938964844
2011-12-14,105.0199966430664,94.94999694824219
2011-12-15,105.08999633789062,93.87000274658203
2011-12-16,103.3499984741211,93.52999877929688
2011-12-19,103.63999938964844,93.87999725341797
2011-12-20,106.7300033569336,97.22000122070312
2011-12-21,107.70999908447266,98.66999816894531
2011-12-22,107.88999938964844,99.52999877929688
2011-12-23,107.95999908447266,99.68000030517578
2011-12-27,109.2699966430664,101.33999633789062
2011-12-28,107.55999755859375,99.36000061035156
2011-12-29,108.01000213623047,99.6500015258789
2011-12-30,107.37999725341797,98.83000183105469
2012-01-03,112.12999725341797,102.95999908447266
2012-01-04,113.69999694824219,103.22000122070312
2012-01-05,112.73999786376953,101.80999755859375
2012-01-06,113.05999755859375,101.55999755859375
2012-01-09,112.44999694824219,101.30999755859375
2012-01-10,113.27999877929688,102.23999786376953
2012-01-11,112.23999786376953,100.87000274658203
2012-01-12,111.26000213623047,99.0999984741211
2012-01-13,110.44000244140625,98.69999694824219
2012-01-17,111.52999877929688,100.70999908447266
2012-01-18,110.66000366210938,100.58999633789062
2012-01-19,111.55000305175781,100.38999938964844
2012-01-20,109.86000061035156,98.45999908447266
2012-01-23,110.58000183105469,99.58000183105469
2012-01-24,110.02999877929688,98.94999694824219
2012-01-25,109.80999755859375,99.4000015258789
2012-01-26,110.79000091552734,99.69999694824219
2012-01-27,111.45999908447266,99.55999755859375
2012-01-30,110.75,98.77999877929688
2012-01-31,110.9800033569336,98.4800033569336
2012-02-01,111.55999755859375,97.61000061035156
2012-02-02,112.06999969482422,96.36000061035156
2012-02-03,114.58000183105469,97.83999633789062
2012-02-06,115.93000030517578,96.91000366210938
2012-02-07,116.2300033569336,98.41000366210938
2012-02-08,117.19999694824219,98.70999908447266
2012-02-09,118.58999633789062,99.83999633789062
2012-02-10,117.30999755859375,98.66999816894531
2012-02-13,117.93000030517578,100.91000366210938
2012-02-14,118.16000366210938,100.73999786376953
2012-02-15,118.93000030517578,101.80000305175781
2012-02-16,120.11000061035156,102.30999755859375
2012-02-17,119.58000183105469,103.23999786376953
2012-02-21,121.66000366210938,105.83999633789062
2012-02-22,122.9000015258789,106.27999877929688
2012-02-23,123.62000274658203,107.83000183105469
2012-02-24,125.47000122070312,109.7699966430664
2012-02-27,124.16999816894531,108.55999755859375
2012-02-28,121.55000305175781,106.55000305175781
2012-02-29,122.66000366210938,107.06999969482422
2012-03-01,126.19999694824219,108.83999633789062
2012-03-02,123.6500015258789,106.69999694824219
2012-03-05,123.80000305175781,106.72000122070312
2012-03-06,121.9800033569336,104.69999694824219
2012-03-07,124.12000274658203,106.16000366210938
2012-03-08,125.44000244140625,106.58000183105469
2012-03-09,125.9800033569336,107.4000015258789
2012-03-12,125.33999633789062,106.33999633789062
2012-03-13,126.22000122070312,106.70999908447266
2012-03-14,124.97000122070312,105.43000030517578
2012-03-15,123.55000305175781,105.11000061035156
2012-03-16,125.80999755859375,107.05999755859375
2012-03-19,125.70999908447266,108.08999633789062
2012-03-20,124.12000274658203,105.61000061035156
2012-03-21,124.19999694824219,107.2699966430664
2012-03-22,123.13999938964844,105.3499984741211
2012-03-23,125.12999725341797,106.87000274658203
2012-03-26,125.6500015258789,107.02999877929688
2012-03-27,125.54000091552734,107.33000183105469
2012-03-28,124.16000366210938,105.41000366210938
2012-03-29,122.38999938964844,102.77999877929688
2012-03-30,122.87999725341797,103.0199966430664
2012-04-02,125.43000030517578,105.2300033569336
2012-04-03,124.86000061035156,104.01000213623047
2012-04-04,122.33999633789062,101.47000122070312
2012-04-05,123.43000030517578,103.30999755859375
2012-04-09,122.66999816894531,102.45999908447266
2012-04-10,119.87999725341797,101.0199966430664
2012-04-11,120.18000030517578,102.69999694824219
2012-04-12,121.70999908447266,103.63999938964844
2012-04-13,121.83000183105469,102.83000183105469
2012-04-16,118.68000030517578,102.93000030517578
2012-04-17,118.77999877929688,104.19999694824219
2012-04-18,117.97000122070312,102.66999816894531
2012-04-19,118.0,102.2699966430664
2012-04-20,118.76000213623047,103.05000305175781
2012-04-23,118.70999908447266,103.11000061035156
2012-04-24,118.16000366210938,103.55000305175781
2012-04-25,119.12000274658203,104.12000274658203
2012-04-26,119.91999816894531,104.55000305175781
2012-04-27,119.83000183105469,104.93000030517578
2012-04-30,119.47000122070312,104.87000274658203
2012-05-01,119.66000366210938,106.16000366210938
2012-05-02,118.19999694824219,105.22000122070312
2012-05-03,116.08000183105469,102.54000091552734
2012-05-04,113.18000030517578,98.48999786376953
2012-05-07,113.16000366210938,97.94000244140625
2012-05-08,112.7300033569336,97.01000213623047
2012-05-09,113.19999694824219,96.80999755859375
2012-05-10,112.7300033569336,97.08000183105469
2012-05-11,112.26000213623047,96.12999725341797
2012-05-14,111.56999969482422,94.77999877929688
2012-05-15,112.23999786376953,93.9800033569336
2012-05-16,111.70999908447266,92.80999755859375
2012-05-17,107.48999786376953,92.55999755859375
2012-05-18,107.13999938964844,91.4800033569336
2012-05-21,108.80999755859375,92.56999969482422
2012-05-22,108.41000366210938,91.66000366210938
2012-05-23,105.55999755859375,89.9000015258789
2012-05-24,106.55000305175781,90.66000366210938
2012-05-25,106.83000183105469,90.86000061035156
2012-05-29,106.68000030517578,90.76000213623047
2012-05-30,103.47000122070312,87.81999969482422
2012-05-31,101.87000274658203,86.52999877929688
2012-06-01,98.43000030517578,83.2300033569336
2012-06-04,98.8499984741211,83.9800033569336
2012-06-05,98.83999633789062,84.29000091552734
2012-06-06,100.63999938964844,85.0199966430664
2012-06-07,99.93000030517578,84.81999969482422
2012-06-08,99.47000122070312,84.0999984741211
2012-06-11,98.0,82.69999694824219
2012-06-12,97.13999938964844,83.31999969482422
2012-06-13,97.12999725341797,82.62000274658203
2012-06-14,97.02999877929688,83.91000366210938
2012-06-15,97.61000061035156,84.02999877929688
2012-06-18,96.05000305175781,83.2699966430664
2012-06-19,95.76000213623047,84.02999877929688
2012-06-20,92.69000244140625,81.80000305175781
2012-06-21,89.2300033569336,78.19999694824219
2012-06-22,90.9800033569336,79.76000213623047
2012-06-25,91.01000213623047,79.20999908447266
2012-06-26,93.0199966430664,79.36000061035156
2012-06-27,93.5,80.20999908447266
2012-06-28,91.36000061035156,77.69000244140625
2012-06-29,97.80000305175781,84.95999908447266
2012-07-02,97.33999633789062,83.75
2012-07-03,100.68000030517578,87.66000366210938
2012-07-05,100.69999694824219,87.22000122070312
2012-07-06,98.19000244140625,84.44999694824219
2012-07-09,100.31999969482422,85.98999786376953
2012-07-10,97.97000122070312,83.91000366210938
2012-07-11,100.2300033569336,85.80999755859375
2012-07-12,101.06999969482422,86.08000183105469
2012-07-13,102.4000015258789,87.0999984741211
2012-07-16,103.55000305175781,88.43000030517578
2012-07-17,104.0,89.22000122070312
2012-07-18,105.16000366210938,89.87000274658203
2012-07-19,107.80000305175781,92.66000366210938
2012-07-20,106.83000183105469,91.44000244140625
2012-07-23,103.26000213623047,88.13999938964844
2012-07-24,103.41999816894531,88.5
2012-07-25,104.37999725341797,88.97000122070312
2012-07-26,105.26000213623047,89.38999938964844
2012-07-27,106.47000122070312,90.12999725341797
2012-07-30,106.19999694824219,89.77999877929688
2012-07-31,104.91999816894531,88.05999755859375
2012-08-01,105.95999908447266,88.91000366210938
2012-08-02,105.9000015258789,87.12999725341797
2012-08-03,108.94000244140625,91.4000015258789
2012-08-06,109.55000305175781,92.19999694824219
2012-08-07,112.0,93.66999816894531
2012-08-08,112.13999938964844,93.3499984741211
2012-08-09,113.22000122070312,93.36000061035156
2012-08-10,112.94999694824219,92.87000274658203
2012-08-13,113.5999984741211,92.7300033569336
2012-08-14,114.02999877929688,93.43000030517578
2012-08-15,116.25,94.33000183105469
2012-08-16,116.9000015258789,95.5999984741211
2012-08-17,113.70999908447266,96.01000213623047
2012-08-20,113.69999694824219,95.97000122070312
2012-08-21,114.63999938964844,96.68000030517578
2012-08-22,114.91000366210938,97.26000213623047
2012-08-23,115.01000213623047,96.2699966430664
2012-08-24,113.58999633789062,96.1500015258789
2012-08-27,112.26000213623047,95.47000122070312
2012-08-28,112.58000183105469,96.33000183105469
2012-08-29,112.54000091552734,95.48999786376953
2012-08-30,112.6500015258789,94.62000274658203
2012-08-31,114.56999969482422,96.47000122070312
2012-09-04,114.18000030517578,95.30000305175781
2012-09-05,113.08999633789062,95.36000061035156
2012-09-06,113.48999786376953,95.52999877929688
2012-09-07,114.25,96.41999816894531
2012-09-10,114.80999755859375,96.54000091552734
2012-09-11,115.4000015258789,97.16999816894531
2012-09-12,115.95999908447266,97.01000213623047
2012-09-13,116.9000015258789,98.30999755859375
2012-09-14,,99.0
2012-09-17,,96.62000274658203
2012-09-18,112.02999877929688,95.29000091552734
2012-09-19,108.19000244140625,91.9800033569336
2012-09-20,110.02999877929688,91.87000274658203
2012-09-21,111.41999816894531,92.88999938964844
2012-09-24,109.80999755859375,91.93000030517578
2012-09-25,110.44999694824219,91.37000274658203
2012-09-26,110.04000091552734,89.9800033569336
2012-09-27,112.01000213623047,91.8499984741211
2012-09-28,112.38999938964844,92.19000244140625
2012-10-01,112.19000244140625,92.4800033569336
2012-10-02,111.56999969482422,91.88999938964844
2012-10-03,108.16999816894531,88.13999938964844
2012-10-04,112.58000183105469,91.70999908447266
2012-10-05,112.0199966430664,89.87999725341797
2012-10-08,111.81999969482422,89.33000183105469
2012-10-09,114.5,92.38999938964844
2012-10-10,114.33000183105469,91.25
2012-10-11,115.70999908447266,92.06999969482422
2012-10-12,114.62000274658203,91.86000061035156
2012-10-15,115.80000305175781,91.8499984741211
2012-10-16,115.06999969482422,92.08999633789062
2012-10-17,,92.12000274658203
2012-10-18,,92.0999984741211
2012-10-19,110.13999938964844,90.05000305175781
2012-10-22,109.44000244140625,88.7300033569336
2012-10-23,108.25,86.66999816894531
2012-10-24,107.8499984741211,85.7300033569336
2012-10-25,108.48999786376953,86.05000305175781
2012-10-26,109.55000305175781,86.27999877929688
2012-10-31,108.69999694824219,86.23999786376953
2012-11-01,108.16999816894531,87.08999633789062
2012-11-02,105.68000030517578,84.86000061035156
2012-11-05,107.7300033569336,85.6500015258789
2012-11-06,111.06999969482422,88.70999908447266
2012-11-07,106.81999969482422,84.44000244140625
2012-11-08,107.25,85.08999633789062
2012-11-09,109.4000015258789,86.06999969482422
2012-11-12,109.06999969482422,85.56999969482422
2012-11-13,108.26000213623047,85.37999725341797
2012-11-14,109.61000061035156,86.31999969482422
2012-11-15,110.9800033569336,85.44999694824219
2012-11-16,,86.66999816894531
2012-11-19,110.83999633789062,89.27999877929688
2012-11-20,109.83000183105469,86.75
2012-11-21,110.86000061035156,87.37999725341797
2012-11-23,111.37999725341797,88.27999877929688
2012-11-26,110.91999816894531,87.73999786376953
2012-11-27,109.87000274658203,87.18000030517578
2012-11-28,109.51000213623047,86.48999786376953
2012-11-29,110.76000213623047,88.06999969482422
2012-11-30,111.2300033569336,88.91000366210938
2012-12-03,110.91999816894531,89.08999633789062
2012-12-04,109.83999633789062,88.5
2012-12-05,108.80999755859375,87.87999725341797
2012-12-06,107.02999877929688,86.26000213623047
2012-12-07,107.0199966430664,85.93000030517578
2012-12-10,107.33000183105469,85.55999755859375
2012-12-11,108.01000213623047,85.79000091552734
2012-12-12,109.5,86.7699966430664
2012-12-13,107.91000366210938,85.88999938964844
2012-12-14,109.1500015258789,86.7300033569336
2012-12-17,,87.19999694824219
2012-12-18,,87.93000030517578
2012-12-19,110.36000061035156,89.51000213623047
2012-12-20,110.19999694824219,90.12999725341797
2012-12-21,108.97000122070312,88.66000366210938
2012-12-24,108.80000305175781,88.61000061035156
2012-12-26,111.06999969482422,90.9800033569336
2012-12-27,110.80000305175781,90.87000274658203
2012-12-28,110.62000274658203,90.80000305175781
2012-12-31,111.11000061035156,91.81999969482422
2013-01-02,112.47000122070312,93.12000274658203
2013-01-03,112.13999938964844,92.91999816894531
2013-01-04,111.30999755859375,93.08999633789062
2013-01-07,111.4000015258789,93.19000244140625
2013-01-08,111.94000244140625,93.1500015258789
2013-01-09,111.76000213623047,93.0999984741211
2013-01-10,111.88999938964844,93.81999969482422
2013-01-11,110.63999938964844,93.55999755859375
2013-01-14,111.87999725341797,94.13999938964844
2013-01-15,110.30000305175781,93.27999877929688
2013-01-16,110.61000061035156,94.23999786376953
2013-01-17,110.61000061035156,95.48999786376953
2013-01-18,110.61000061035156,95.55999755859375
2013-01-22,112.41999816894531,96.23999786376953
2013-01-23,112.80000305175781,95.2300033569336
2013-01-24,113.27999877929688,95.94999694824219
2013-01-25,113.27999877929688,95.87999725341797
2013-01-28,113.4800033569336,96.44000244140625
2013-01-29,114.36000061035156,97.56999969482422
2013-01-30,114.9000015258789,97.94000244140625
2013-01-31,115.55000305175781,97.48999786376953
2013-02-01,116.76000213623047,97.7699966430664
2013-02-04,115.5999984741211,96.16999816894531
2013-02-05,116.5199966430664,96.63999938964844
2013-02-06,116.7300033569336,96.62000274658203
2013-02-07,117.23999786376953,95.83000183105469
2013-02-08,118.9000015258789,95.72000122070312
2013-02-11,118.12999725341797,97.02999877929688
2013-02-12,118.66000366210938,97.51000213623047
2013-02-13,118.72000122070312,97.01000213623047
2013-02-14,118.58000183105469,97.30999755859375
2013-02-15,118.58000183105469,95.86000061035156
2013-02-19,117.5199966430664,96.66000366210938
2013-02-20,115.5999984741211,94.45999908447266
2013-02-21,113.52999877929688,92.83999633789062
2013-02-22,114.0999984741211,93.12999725341797
2013-02-25,114.44000244140625,93.11000061035156
2013-02-26,112.70999908447266,92.62999725341797
2013-02-27,111.87000274658203,92.76000213623047
2013-02-28,111.37999725341797,92.05000305175781
2013-03-01,110.4000015258789,90.68000030517578
2013-03-04,110.08999633789062,90.12000274658203
2013-03-05,111.61000061035156,90.81999969482422
2013-03-06,111.05999755859375,90.43000030517578
2013-03-07,111.1500015258789,91.55999755859375
2013-03-08,110.8499984741211,91.94999694824219
2013-03-11,110.22000122070312,92.05999755859375
2013-03-12,109.6500015258789,92.54000091552734
2013-03-13,108.5199966430664,92.5199966430664
2013-03-14,109.41999816894531,93.02999877929688
2013-03-15,109.37999725341797,93.44999694824219
2013-03-18,,93.73999786376953
2013-03-19,107.44999694824219,92.16000366210938
2013-03-20,108.72000122070312,92.95999908447266
2013-03-21,107.47000122070312,92.44999694824219
2013-03-22,107.66000366210938,93.70999908447266
2013-03-25,108.16999816894531,94.80999755859375
2013-03-26,109.36000061035156,96.33999633789062
2013-03-27,109.69000244140625,96.58000183105469
2013-03-28,110.0199966430664,97.2300033569336
2013-04-01,111.08000183105469,97.06999969482422
2013-04-02,110.69000244140625,97.19000244140625
2013-04-03,107.11000061035156,94.44999694824219
2013-04-04,106.33999633789062,93.26000213623047
2013-04-05,104.12000274658203,92.69999694824219
2013-04-08,104.66000366210938,93.36000061035156
2013-04-09,106.2300033569336,94.19999694824219
2013-04-10,105.79000091552734,94.63999938964844
2013-04-11,104.2699966430664,93.51000213623047
2013-04-12,103.11000061035156,91.29000091552734
2013-04-15,100.38999938964844,88.70999908447266
2013-04-16,100.36000061035156,88.72000122070312
2013-04-17,100.36000061035156,86.68000030517578
2013-04-18,99.12999725341797,87.7300033569336
2013-04-19,99.6500015258789,88.01000213623047
2013-04-22,100.38999938964844,88.76000213623047
2013-04-23,100.30999755859375,89.18000030517578
2013-04-24,101.7300033569336,91.43000030517578
2013-04-25,103.41000366210938,93.63999938964844
2013-04-26,103.16000366210938,93.0
2013-04-29,103.80999755859375,94.5
2013-04-30,102.37000274658203,93.45999908447266
2013-05-01,99.94999694824219,91.02999877929688
2013-05-02,102.8499984741211,93.98999786376953
2013-05-03,104.19000244140625,95.61000061035156
2013-05-06,105.45999908447266,96.16000366210938
2013-05-07,104.4000015258789,95.62000274658203
2013-05-08,104.33999633789062,96.62000274658203
2013-05-09,104.47000122070312,96.38999938964844
2013-05-10,103.91000366210938,96.04000091552734
2013-05-13,102.81999969482422,95.16999816894531
2013-05-14,102.5999984741211,94.20999908447266
2013-05-15,103.68000030517578,94.30000305175781
2013-05-16,103.80000305175781,95.16000366210938
2013-05-17,103.72000122070312,96.0199966430664
2013-05-20,103.72000122070312,96.70999908447266
2013-05-21,103.91000366210938,96.16000366210938
2013-05-22,102.5999984741211,94.27999877929688
2013-05-23,102.44000244140625,94.25
2013-05-24,102.63999938964844,94.1500015258789
2013-05-28,104.2300033569336,95.01000213623047
2013-05-29,102.43000030517578,93.12999725341797
2013-05-30,102.19000244140625,93.61000061035156
2013-05-31,100.38999938964844,91.97000122070312
2013-06-03,102.05999755859375,93.44999694824219
2013-06-04,103.23999786376953,93.30999755859375
2013-06-05,103.04000091552734,93.73999786376953
2013-06-06,103.61000061035156,94.76000213623047
2013-06-07,104.55999755859375,96.02999877929688
2013-06-10,103.94999694824219,95.7699966430664
2013-06-11,102.95999908447266,95.37999725341797
2013-06-12,103.48999786376953,95.87999725341797
2013-06-13,104.25,96.69000244140625
2013-06-14,104.29000091552734,97.8499984741211
2013-06-17,,97.7699966430664
2013-06-18,106.0199966430664,98.44000244140625
2013-06-19,106.12000274658203,98.23999786376953
2013-06-20,102.1500015258789,95.4000015258789
2013-06-21,100.91000366210938,93.69000244140625
2013-06-24,101.16000366210938,95.18000030517578
2013-06-25,101.26000213623047,95.31999969482422
2013-06-26,101.66000366210938,95.5
2013-06-27,102.81999969482422,97.05000305175781
2013-06-28,102.16000366210938,96.55999755859375
2013-07-01,103.0,97.98999786376953
2013-07-02,104.0,99.5999984741211
2013-07-03,105.76000213623047,101.23999786376953
2013-07-05,107.72000122070312,103.22000122070312
2013-07-08,107.43000030517578,103.13999938964844
2013-07-09,107.80999755859375,103.52999877929688
2013-07-10,108.51000213623047,106.5199966430664
2013-07-11,107.7300033569336,104.91000366210938
2013-07-12,108.80999755859375,105.94999694824219
2013-07-15,109.08999633789062,106.31999969482422
2013-07-16,109.4000015258789,106.0
2013-07-17,109.36000061035156,106.4800033569336
2013-07-18,,108.04000091552734
2013-07-19,108.06999969482422,108.05000305175781
2013-07-22,108.1500015258789,106.91000366210938
2013-07-23,108.41999816894531,107.2300033569336
2013-07-24,107.19000244140625,105.38999938964844
2013-07-25,107.6500015258789,105.48999786376953
2013-07-26,107.16999816894531,104.69999694824219
2013-07-29,107.44999694824219,104.55000305175781
2013-07-30,106.91000366210938,103.08000183105469
2013-07-31,107.69999694824219,105.02999877929688
2013-08-01,109.54000091552734,107.88999938964844
2013-08-02,108.94999694824219,106.94000244140625
2013-08-05,108.69999694824219,106.55999755859375
2013-08-06,108.18000030517578,105.30000305175781
2013-08-07,107.44000244140625,104.37000274658203
2013-08-08,106.68000030517578,103.4000015258789
2013-08-09,108.22000122070312,105.97000122070312
2013-08-12,108.97000122070312,106.11000061035156
2013-08-13,109.81999969482422,106.83000183105469
2013-08-14,110.19999694824219,106.8499984741211
2013-08-15,111.11000061035156,107.33000183105469
2013-08-16,111.16999816894531,107.45999908447266
2013-08-19,,107.0999984741211
2013-08-20,110.1500015258789,104.97000122070312
2013-08-21,109.80999755859375,103.8499984741211
2013-08-22,109.9000015258789,105.02999877929688
2013-08-23,111.04000091552734,106.41999816894531
2013-08-26,110.7300033569336,105.91999816894531
2013-08-27,114.36000061035156,109.01000213623047
2013-08-28,116.61000061035156,110.0999984741211
2013-08-29,115.16000366210938,108.80000305175781
2013-08-30,114.01000213623047,107.6500015258789
2013-09-03,115.68000030517578,108.54000091552734
2013-09-04,114.91000366210938,107.2300033569336
2013-09-05,115.26000213623047,108.37000274658203
2013-09-06,116.12000274658203,110.52999877929688
2013-09-09,113.72000122070312,109.5199966430664
2013-09-10,111.25,107.38999938964844
2013-09-11,111.5,107.55999755859375
2013-09-12,112.62999725341797,108.5999984741211
2013-09-13,112.77999877929688,108.20999908447266
2013-09-16,,106.58999633789062
2013-09-17,,105.41999816894531
2013-09-18,110.5999984741211,108.06999969482422
2013-09-19,108.76000213623047,106.38999938964844
2013-09-20,109.22000122070312,104.68000030517578
2013-09-23,108.16000366210938,103.58999633789062
2013-09-24,108.63999938964844,103.12999725341797
2013-09-25,108.31999969482422,102.66000366210938
2013-09-26,109.20999908447266,103.02999877929688
2013-09-27,108.62999725341797,102.87000274658203
2013-09-30,108.37000274658203,102.33000183105469
2013-10-01,107.94000244140625,102.04000091552734
2013-10-02,109.19000244140625,104.0999984741211
2013-10-03,109.0,103.30999755859375
2013-10-04,109.45999908447266,103.83999633789062
2013-10-07,109.68000030517578,103.02999877929688
2013-10-08,110.16000366210938,103.48999786376953
2013-10-09,109.05999755859375,101.61000061035156
2013-10-10,111.80000305175781,103.01000213623047
2013-10-11,111.27999877929688,102.0199966430664
2013-10-14,111.04000091552734,102.41000366210938
2013-10-15,109.95999908447266,101.20999908447266
2013-10-16,110.86000061035156,102.29000091552734
2013-10-17,110.97000122070312,100.66999816894531
2013-10-18,,100.80999755859375
2013-10-21,109.63999938964844,99.22000122070312
2013-10-22,109.97000122070312,97.80000305175781
2013-10-23,107.80000305175781,96.86000061035156
2013-10-24,106.98999786376953,97.11000061035156
2013-10-25,106.93000030517578,97.8499984741211
2013-10-28,109.61000061035156,98.68000030517578
2013-10-29,109.01000213623047,98.19999694824219
2013-10-30,109.86000061035156,96.7699966430664
2013-10-31,108.83999633789062,96.37999725341797
2013-11-01,105.91000366210938,94.61000061035156
2013-11-04,106.2300033569336,94.62000274658203
2013-11-05,105.33000183105469,93.37000274658203
2013-11-06,105.23999786376953,94.80000305175781
2013-11-07,103.45999908447266,94.19999694824219
2013-11-08,105.12000274658203,94.5999984741211
2013-11-11,106.4000015258789,95.13999938964844
2013-11-12,105.80999755859375,93.04000091552734
2013-11-13,107.12000274658203,93.87999725341797
2013-11-14,108.54000091552734,93.76000213623047
2013-11-15,108.55000305175781,93.83999633789062
2013-11-18,,93.02999877929688
2013-11-19,106.91999816894531,93.33999633789062
2013-11-20,108.05999755859375,93.33000183105469
2013-11-21,110.08000183105469,95.44000244140625
2013-11-22,111.05000305175781,94.83999633789062
2013-11-25,111.0,94.08999633789062
2013-11-26,110.87999725341797,93.68000030517578
2013-11-27,111.30999755859375,92.30000305175781
2013-11-29,109.69000244140625,92.72000122070312
2013-12-02,111.44999694824219,93.81999969482422
2013-12-03,112.62000274658203,96.04000091552734
2013-12-04,111.87999725341797,97.19999694824219
2013-12-05,110.9800033569336,97.37999725341797
2013-12-06,111.61000061035156,97.6500015258789
2013-12-09,109.38999938964844,97.33999633789062
2013-12-10,109.37999725341797,98.51000213623047
2013-12-11,109.69999694824219,97.44000244140625
2013-12-12,108.66999816894531,97.5
2013-12-13,108.83000183105469,96.5999984741211
2013-12-16,110.47000122070312,97.4800033569336
2013-12-17,110.41000366210938,97.22000122070312
2013-12-18,,97.80000305175781
2013-12-19,110.29000091552734,98.7699966430664
2013-12-20,111.7699966430664,99.31999969482422
2013-12-23,111.55999755859375,98.91000366210938
2013-12-24,111.9000015258789,99.22000122070312
2013-12-26,111.9800033569336,99.55000305175781
2013-12-27,112.18000030517578,100.31999969482422
2013-12-30,111.20999908447266,99.29000091552734
2013-12-31,110.80000305175781,98.41999816894531
2014-01-02,107.77999877929688,95.44000244140625
2014-01-03,106.88999938964844,93.95999908447266
2014-01-06,106.7300033569336,93.43000030517578
2014-01-07,107.3499984741211,93.66999816894531
2014-01-08,107.1500015258789,92.33000183105469
2014-01-09,106.38999938964844,91.66000366210938
2014-01-10,107.25,92.72000122070312
2014-01-13,106.75,91.80000305175781
2014-01-14,106.38999938964844,92.58999633789062
2014-01-15,107.12999725341797,94.16999816894531
2014-01-16,107.08999633789062,93.95999908447266
2014-01-17,107.05999755859375,94.37000274658203
2014-01-21,,94.98999786376953
2014-01-22,108.2699966430664,96.7300033569336
2014-01-23,107.58000183105469,97.31999969482422
2014-01-24,107.87999725341797,96.63999938964844
2014-01-27,106.69000244140625,95.72000122070312
2014-01-28,107.41000366210938,97.41000366210938
2014-01-29,107.8499984741211,97.36000061035156
2014-01-30,107.94999694824219,98.2300033569336
2014-01-31,106.4000015258789,97.48999786376953
2014-02-03,106.04000091552734,96.43000030517578
2014-02-04,105.77999877929688,97.19000244140625
2014-02-05,106.25,97.37999725341797
2014-02-06,107.19000244140625,97.83999633789062
2014-02-07,109.56999969482422,99.87999725341797
2014-02-10,108.62999725341797,100.05999755859375
2014-02-11,108.68000030517578,99.94000244140625
2014-02-12,108.79000091552734,100.37000274658203
2014-02-13,108.7300033569336,100.3499984741211
2014-02-14,108.7300033569336,100.30000305175781
2014-02-18,,102.43000030517578
2014-02-19,110.47000122070312,103.30999755859375
2014-02-20,110.30000305175781,102.91999816894531
2014-02-21,109.8499984741211,102.19999694824219
2014-02-24,110.63999938964844,102.81999969482422
2014-02-25,109.51000213623047,101.83000183105469
2014-02-26,109.5199966430664,102.58999633789062
2014-02-27,108.95999908447266,102.4000015258789
2014-02-28,109.06999969482422,102.58999633789062
2014-03-03,111.19999694824219,104.91999816894531
2014-03-04,109.30000305175781,103.33000183105469
2014-03-05,107.76000213623047,101.44999694824219
2014-03-06,108.0999984741211,101.55999755859375
2014-03-07,109.0,102.58000183105469
2014-03-10,108.08000183105469,101.12000274658203
2014-03-11,108.55000305175781,100.02999877929688
2014-03-12,108.0199966430664,97.98999786376953
2014-03-13,107.38999938964844,98.19999694824219
2014-03-14,108.56999969482422,98.88999938964844
2014-03-17,108.54000091552734,98.08000183105469
2014-03-18,106.79000091552734,99.69999694824219
2014-03-19,105.8499984741211,100.37000274658203
2014-03-20,106.44999694824219,99.43000030517578
2014-03-21,106.91999816894531,99.45999908447266
2014-03-24,106.80999755859375,99.5999984741211
2014-03-25,106.98999786376953,99.19000244140625
2014-03-26,107.02999877929688,100.26000213623047
2014-03-27,107.83000183105469,101.27999877929688
2014-03-28,108.06999969482422,101.66999816894531
2014-03-31,107.76000213623047,101.58000183105469
2014-04-01,105.62000274658203,99.73999786376953
2014-04-02,104.79000091552734,99.62000274658203
2014-04-03,106.1500015258789,100.29000091552734
2014-04-04,106.72000122070312,101.13999938964844
2014-04-07,105.81999969482422,100.44000244140625
2014-04-08,107.66999816894531,102.55999755859375
2014-04-09,107.9800033569336,103.5999984741211
2014-04-10,107.45999908447266,103.4000015258789
2014-04-11,107.33000183105469,103.73999786376953
2014-04-14,109.06999969482422,104.05000305175781
2014-04-15,108.73999786376953,103.75
2014-04-16,108.80000305175781,103.76000213623047
2014-04-17,109.52999877929688,104.30000305175781
2014-04-21,109.94999694824219,104.37000274658203
2014-04-22,109.2699966430664,102.12999725341797
2014-04-23,109.11000061035156,101.44000244140625
2014-04-24,110.33000183105469,101.94000244140625
2014-04-25,109.58000183105469,100.5999984741211
2014-04-28,108.12000274658203,100.83999633789062
2014-04-29,108.9800033569336,101.27999877929688
2014-04-30,108.06999969482422,99.73999786376953
2014-05-01,107.76000213623047,99.41999816894531
2014-05-02,108.58999633789062,99.76000213623047
2014-05-05,107.72000122070312,99.4800033569336
2014-05-06,107.05999755859375,99.5
2014-05-07,108.12999725341797,100.7699966430664
2014-05-08,108.04000091552734,100.26000213623047
2014-05-09,107.88999938964844,99.98999786376953
2014-05-12,108.41000366210938,100.58999633789062
2014-05-13,109.23999786376953,101.69999694824219
2014-05-14,110.19000244140625,102.37000274658203
2014-05-15,110.44000244140625,101.5
2014-05-16,110.41999816894531,102.0199966430664
2014-05-19,109.37000274658203,102.61000061035156
2014-05-20,109.69000244140625,102.44000244140625
2014-05-21,110.55000305175781,104.06999969482422
2014-05-22,110.36000061035156,103.73999786376953
2014-05-23,110.54000091552734,104.3499984741211
2014-05-27,110.0199966430664,104.11000061035156
2014-05-28,109.80999755859375,102.72000122070312
2014-05-29,109.97000122070312,103.58000183105469
2014-05-30,109.41000366210938,102.70999908447266
2014-06-02,108.83000183105469,102.47000122070312
2014-06-03,108.81999969482422,102.66000366210938
2014-06-04,108.4000015258789,102.63999938964844
2014-06-05,108.79000091552734,102.4800033569336
2014-06-06,108.61000061035156,102.66000366210938
2014-06-09,109.98999786376953,104.41000366210938
2014-06-10,109.5199966430664,104.3499984741211
2014-06-11,109.94999694824219,104.4000015258789
2014-06-12,113.0199966430664,106.52999877929688
2014-06-13,113.41000366210938,106.91000366210938
2014-06-16,113.22000122070312,106.9000015258789
2014-06-17,113.44999694824219,106.36000061035156
2014-06-18,114.26000213623047,105.97000122070312
2014-06-19,115.05999755859375,106.43000030517578
2014-06-20,114.80999755859375,107.26000213623047
2014-06-23,114.12000274658203,106.16999816894531
2014-06-24,114.45999908447266,106.02999877929688
2014-06-25,114.0,106.5
2014-06-26,113.20999908447266,105.83999633789062
2014-06-27,113.30000305175781,105.73999786376953
2014-06-30,112.36000061035156,105.37000274658203
2014-07-01,112.29000091552734,105.33999633789062
2014-07-02,111.23999786376953,104.4800033569336
2014-07-03,111.0,104.05999755859375
2014-07-07,110.23999786376953,103.52999877929688
2014-07-08,108.94000244140625,103.4000015258789
2014-07-09,108.27999877929688,102.29000091552734
2014-07-10,108.66999816894531,102.93000030517578
2014-07-11,106.66000366210938,100.83000183105469
2014-07-14,106.9800033569336,100.91000366210938
2014-07-15,106.0199966430664,99.95999908447266
2014-07-16,105.8499984741211,101.19999694824219
2014-07-17,105.95999908447266,103.19000244140625
2014-07-18,107.23999786376953,103.12999725341797
2014-07-21,107.68000030517578,104.58999633789062
2014-07-22,107.33000183105469,104.41999816894531
2014-07-23,108.02999877929688,103.12000274658203
2014-07-24,107.06999969482422,102.06999969482422
2014-07-25,108.38999938964844,102.08999633789062
2014-07-28,107.56999969482422,101.66999816894531
2014-07-29,107.72000122070312,100.97000122070312
2014-07-30,106.51000213623047,100.2699966430664
2014-07-31,106.0199966430664,98.16999816894531
2014-08-01,104.83999633789062,97.87999725341797
2014-08-04,105.41000366210938,98.29000091552734
2014-08-05,104.61000061035156,97.37999725341797
2014-08-06,104.58999633789062,96.91999816894531
2014-08-07,105.44000244140625,97.33999633789062
2014-08-08,105.0199966430664,97.6500015258789
2014-08-11,104.68000030517578,98.08000183105469
2014-08-12,103.0199966430664,97.37000274658203
2014-08-13,104.27999877929688,97.58999633789062
2014-08-14,102.01000213623047,95.58000183105469
2014-08-15,101.94999694824219,97.3499984741211
2014-08-18,101.5999984741211,96.41000366210938
2014-08-19,101.55999755859375,94.4800033569336
2014-08-20,102.27999877929688,96.06999969482422
2014-08-21,102.62999725341797,93.95999908447266
2014-08-22,102.29000091552734,93.6500015258789
2014-08-25,102.6500015258789,93.3499984741211
2014-08-26,102.5,93.86000061035156
2014-08-27,102.72000122070312,93.87999725341797
2014-08-28,102.45999908447266,94.55000305175781
2014-08-29,103.19000244140625,95.95999908447266
2014-09-02,100.33999633789062,92.87999725341797
2014-09-03,102.7699966430664,95.54000091552734
2014-09-04,101.83000183105469,94.44999694824219
2014-09-05,100.81999969482422,93.29000091552734
2014-09-08,100.19999694824219,92.66000366210938
2014-09-09,99.16000366210938,92.75
2014-09-10,98.04000091552734,91.66999816894531
2014-09-11,98.08000183105469,92.83000183105469
2014-09-12,97.11000061035156,92.2699966430664
2014-09-15,96.6500015258789,92.91999816894531
2014-09-16,96.62999725341797,94.87999725341797
2014-09-17,98.97000122070312,94.41999816894531
2014-09-18,97.69999694824219,93.06999969482422
2014-09-19,98.38999938964844,92.41000366210938
2014-09-22,96.97000122070312,91.5199966430664
2014-09-23,96.8499984741211,91.55999755859375
2014-09-24,96.94999694824219,92.80000305175781
2014-09-25,97.0,92.52999877929688
2014-09-26,97.0,93.54000091552734
2014-09-29,97.19999694824219,94.56999969482422
2014-09-30,94.66999816894531,91.16000366210938
2014-10-01,94.16000366210938,90.7300033569336
2014-10-02,93.41999816894531,91.01000213623047
2014-10-03,92.30999755859375,89.73999786376953
2014-10-06,92.79000091552734,90.33999633789062
2014-10-07,92.11000061035156,88.8499984741211
2014-10-08,91.37999725341797,87.30999755859375
2014-10-09,90.05000305175781,85.7699966430664
2014-10-10,90.20999908447266,85.81999969482422
2014-10-13,88.88999938964844,85.73999786376953
2014-10-14,85.04000091552734,81.83999633789062
2014-10-15,83.77999877929688,81.77999877929688
2014-10-16,84.47000122070312,82.69999694824219
2014-10-17,84.54000091552734,82.75
2014-10-20,85.4000015258789,82.70999908447266
2014-10-21,86.22000122070312,82.80999755859375
2014-10-22,84.70999908447266,80.5199966430664
2014-10-23,86.83000183105469,82.08999633789062
2014-10-24,86.12999725341797,81.01000213623047
2014-10-27,85.83000183105469,81.0
2014-10-28,86.02999877929688,81.41999816894531
2014-10-29,87.12000274658203,82.19999694824219
2014-10-30,86.23999786376953,81.12000274658203
2014-10-31,85.86000061035156,80.54000091552734
2014-11-03,84.77999877929688,78.77999877929688
2014-11-04,82.81999969482422,77.19000244140625
2014-11-05,82.94999694824219,78.68000030517578
2014-11-06,82.86000061035156,77.91000366210938
2014-11-07,83.38999938964844,78.6500015258789
2014-11-10,82.33999633789062,77.4000015258789
2014-11-11,81.66999816894531,77.94000244140625
2014-11-12,80.37999725341797,77.18000030517578
2014-11-13,77.91999816894531,74.20999908447266
2014-11-14,77.73999786376953,75.81999969482422
2014-11-17,79.30999755859375,75.63999938964844
2014-11-18,78.47000122070312,74.61000061035156
2014-11-19,78.0999984741211,74.58000183105469
2014-11-20,79.33000183105469,75.58000183105469
2014-11-21,80.36000061035156,76.51000213623047
2014-11-24,79.68000030517578,75.77999877929688
2014-11-25,78.33000183105469,74.08999633789062
2014-11-26,77.75,73.69000244140625
2014-11-28,70.1500015258789,66.1500015258789
2014-12-01,72.54000091552734,69.0
2014-12-02,70.54000091552734,66.87999725341797
2014-12-03,69.91999816894531,67.37999725341797
2014-12-04,69.63999938964844,66.80999755859375
2014-12-05,69.06999969482422,65.83999633789062
2014-12-08,66.19000244140625,63.04999923706055
2014-12-09,66.83999633789062,63.81999969482422
2014-12-10,64.23999786376953,60.939998626708984
2014-12-11,63.68000030517578,59.95000076293945
2014-12-12,61.849998474121094,57.810001373291016
2014-12-15,61.060001373291016,55.90999984741211
2014-12-16,59.86000061035156,55.93000030517578
2014-12-17,59.79999923706055,56.470001220703125
2014-12-18,59.27000045776367,54.11000061035156
2014-12-19,61.380001068115234,56.52000045776367
2014-12-22,60.11000061035156,55.2599983215332
2014-12-23,61.689998626708984,57.119998931884766
2014-12-24,60.2400016784668,55.84000015258789
2014-12-26,59.45000076293945,54.72999954223633
2014-12-29,57.880001068115234,53.61000061035156
2014-12-30,57.900001525878906,54.119998931884766
2014-12-31,57.33000183105469,53.27000045776367
2015-01-02,56.41999816894531,52.689998626708984
2015-01-05,53.11000061035156,50.040000915527344
2015-01-06,51.099998474121094,47.93000030517578
2015-01-07,51.150001525878906,48.650001525878906
2015-01-08,50.959999084472656,48.790000915527344
2015-01-09,50.11000061035156,48.36000061035156
2015-01-12,47.43000030517578,46.06999969482422
2015-01-13,46.59000015258789,45.88999938964844
2015-01-14,48.689998626708984,48.47999954223633
2015-01-15,47.66999816894531,46.25
2015-01-16,47.689998626708984,48.689998626708984
2015-01-20,47.9900016784668,46.38999938964844
2015-01-21,49.029998779296875,47.779998779296875
2015-01-22,48.52000045776367,46.310001373291016
2015-01-23,48.790000915527344,45.59000015258789
2015-01-26,48.15999984741211,45.150001525878906
2015-01-27,49.599998474121094,46.22999954223633
2015-01-28,48.470001220703125,44.45000076293945
2015-01-29,49.130001068115234,44.529998779296875
2015-01-30,52.9900016784668,48.2400016784668
2015-02-02,54.75,49.56999969482422
2015-02-03,57.90999984741211,53.04999923706055
2015-02-04,54.15999984741211,48.45000076293945
2015-02-05,56.56999969482422,50.47999954223633
2015-02-06,57.79999923706055,51.689998626708984
2015-02-09,58.34000015258789,52.86000061035156
2015-02-10,56.43000030517578,50.02000045776367
2015-02-11,54.65999984741211,48.84000015258789
2015-02-12,57.04999923706055,51.209999084472656
2015-02-13,57.38999938964844,52.779998779296875
2015-02-17,62.529998779296875,53.529998779296875
2015-02-18,60.529998779296875,52.13999938964844
2015-02-19,60.209999084472656,51.15999984741211
2015-02-20,60.220001220703125,50.34000015258789
2015-02-23,58.900001525878906,49.45000076293945
2015-02-24,58.65999984741211,49.279998779296875
2015-02-25,61.630001068115234,50.9900016784668
2015-02-26,60.04999923706055,48.16999816894531
2015-02-27,62.58000183105469,49.7599983215332
2015-03-02,59.540000915527344,49.59000015258789
2015-03-03,61.02000045776367,50.52000045776367
2015-03-04,60.54999923706055,51.529998779296875
2015-03-05,60.47999954223633,50.7599983215332
2015-03-06,59.72999954223633,49.61000061035156
2015-03-09,58.529998779296875,50.0
2015-03-10,56.38999938964844,48.290000915527344
2015-03-11,57.540000915527344,48.16999816894531
2015-03-12,57.08000183105469,47.04999923706055
2015-03-13,54.66999816894531,44.84000015258789
2015-03-16,53.439998626708984,43.880001068115234
2015-03-17,53.43000030517578,43.459999084472656
2015-03-18,55.90999984741211,44.65999984741211
2015-03-19,54.43000030517578,43.959999084472656
2015-03-20,55.31999969482422,45.720001220703125
2015-03-23,55.91999816894531,47.45000076293945
2015-03-24,55.11000061035156,47.5099983215332
2015-03-25,56.47999954223633,49.209999084472656
2015-03-26,59.189998626708984,51.43000030517578
2015-03-27,56.40999984741211,48.869998931884766
2015-03-30,56.290000915527344,48.68000030517578
2015-03-31,55.11000061035156,47.599998474121094
2015-04-01,57.099998474121094,50.09000015258789
2015-04-02,54.95000076293945,49.13999938964844
2015-04-06,58.119998931884766,52.13999938964844
2015-04-07,59.099998474121094,53.97999954223633
2015-04-08,55.54999923706055,50.41999816894531
2015-04-09,56.56999969482422,50.790000915527344
2015-04-10,57.869998931884766,51.63999938964844
2015-04-13,57.93000030517578,51.90999984741211
2015-04-14,58.43000030517578,53.290000915527344
2015-04-15,60.31999969482422,56.38999938964844
2015-04-16,60.400001525878906,56.709999084472656
2015-04-17,63.45000076293945,55.7400016784668
2015-04-20,63.45000076293945,56.380001068115234
2015-04-21,62.08000183105469,55.2599983215332
2015-04-22,62.72999954223633,56.15999984741211
2015-04-23,64.8499984741211,57.7400016784668
2015-04-24,65.27999877929688,57.150001525878906
2015-04-27,64.83000183105469,56.9900016784668
2015-04-28,64.63999938964844,57.060001373291016
2015-04-29,65.83999633789062,58.58000183105469
2015-04-30,66.77999877929688,59.630001068115234
2015-05-01,66.45999908447266,59.150001525878906
2015-05-04,66.44999694824219,58.93000030517578
2015-05-05,67.5199966430664,60.400001525878906
2015-05-06,67.7699966430664,60.93000030517578
2015-05-07,65.54000091552734,58.939998626708984
2015-05-08,65.38999938964844,59.38999938964844
2015-05-11,64.91000366210938,59.25
2015-05-12,66.86000061035156,60.75
2015-05-13,66.80999755859375,60.5
2015-05-14,66.58999633789062,59.880001068115234
2015-05-15,66.56999969482422,59.689998626708984
2015-05-18,66.2699966430664,59.43000030517578
2015-05-19,64.0199966430664,57.2599983215332
2015-05-20,65.02999877929688,58.97999954223633
2015-05-21,66.54000091552734,60.720001220703125
2015-05-22,65.37000274658203,59.720001220703125
2015-05-26,63.720001220703125,58.029998779296875
2015-05-27,62.060001373291016,57.5099983215332
2015-05-28,62.58000183105469,57.68000030517578
2015-05-29,65.55999755859375,60.29999923706055
2015-06-01,64.87999725341797,60.20000076293945
2015-06-02,65.48999786376953,61.2599983215332
2015-06-03,63.79999923706055,59.63999938964844
2015-06-04,62.029998779296875,58.0
2015-06-05,63.310001373291016,59.130001068115234
2015-06-08,62.689998626708984,58.13999938964844
2015-06-09,64.87999725341797,60.13999938964844
2015-06-10,65.69999694824219,61.43000030517578
2015-06-11,65.11000061035156,60.77000045776367
2015-06-12,63.869998931884766,59.959999084472656
2015-06-15,62.61000061035156,59.52000045776367
2015-06-16,62.630001068115234,59.970001220703125
2015-06-17,63.869998931884766,59.91999816894531
2015-06-18,64.26000213623047,60.45000076293945
2015-06-19,63.02000045776367,59.61000061035156
2015-06-22,63.34000015258789,59.68000030517578
2015-06-23,64.44999694824219,61.0099983215332
2015-06-24,63.4900016784668,60.27000045776367
2015-06-25,63.20000076293945,59.70000076293945
2015-06-26,63.2599983215332,59.630001068115234
2015-06-29,62.0099983215332,58.33000183105469
2015-06-30,63.59000015258789,59.470001220703125
2015-07-01,62.0099983215332,56.959999084472656
2015-07-02,62.06999969482422,56.93000030517578
2015-07-06,56.540000915527344,52.529998779296875
2015-07-07,56.849998474121094,52.33000183105469
2015-07-08,57.04999923706055,51.650001525878906
2015-07-09,58.61000061035156,52.779998779296875
2015-07-10,58.72999954223633,52.7400016784668
2015-07-13,57.849998474121094,52.20000076293945
2015-07-14,58.5099983215332,53.040000915527344
2015-07-15,57.04999923706055,51.40999984741211
2015-07-16,57.5099983215332,50.90999984741211
2015-07-17,57.52000045776367,50.88999938964844
2015-07-20,56.650001525878906,50.150001525878906
2015-07-21,57.040000915527344,50.36000061035156
2015-07-22,56.130001068115234,49.189998626708984
2015-07-23,55.27000045776367,48.45000076293945
2015-07-24,54.619998931884766,48.13999938964844
2015-07-27,53.470001220703125,47.38999938964844
2015-07-28,53.29999923706055,47.97999954223633
2015-07-29,53.380001068115234,48.790000915527344
2015-07-30,53.310001373291016,48.52000045776367
2015-07-31,52.209999084472656,47.119998931884766
2015-08-03,49.52000045776367,45.16999816894531
2015-08-04,49.9900016784668,45.7400016784668
2015-08-05,49.59000015258789,45.150001525878906
2015-08-06,49.52000045776367,44.65999984741211
2015-08-07,48.61000061035156,43.869998931884766
2015-08-10,50.40999984741211,44.959999084472656
2015-08-11,49.18000030517578,43.08000183105469
2015-08-12,49.65999984741211,43.29999923706055
2015-08-13,49.220001220703125,42.22999954223633
2015-08-14,49.029998779296875,42.5
2015-08-17,49.029998779296875,41.869998931884766
2015-08-18,48.810001373291016,42.619998931884766
2015-08-19,47.15999984741211,40.79999923706055
2015-08-20,46.619998931884766,41.13999938964844
2015-08-21,45.459999084472656,40.45000076293945
2015-08-24,42.689998626708984,38.2400016784668
2015-08-25,43.209999084472656,39.310001373291016
2015-08-26,43.13999938964844,38.599998474121094
2015-08-27,47.560001373291016,42.560001373291016
2015-08-28,50.04999923706055,45.220001220703125
2015-08-31,54.150001525878906,49.20000076293945
2015-09-01,49.560001373291016,45.40999984741211
2015-09-02,50.5,46.25
2015-09-03,50.68000030517578,46.75
2015-09-04,49.61000061035156,46.04999923706055
2015-09-08,49.52000045776367,45.939998626708984
2015-09-09,47.58000183105469,44.150001525878906
2015-09-10,48.88999938964844,45.91999816894531
2015-09-11,48.13999938964844,44.630001068115234
2015-09-14,46.369998931884766,44.0
2015-09-15,46.630001068115234,44.59000015258789
2015-09-16,46.61000061035156,47.150001525878906
2015-09-17,49.08000183105469,46.900001525878906
2015-09-18,47.470001220703125,44.68000030517578
2015-09-21,48.91999816894531,46.68000030517578
2015-09-22,49.08000183105469,45.83000183105469
2015-09-23,47.75,44.47999954223633
2015-09-24,48.16999816894531,44.90999984741211
2015-09-25,48.599998474121094,45.70000076293945
2015-09-28,47.34000015258789,44.43000030517578
2015-09-29,48.22999954223633,45.22999954223633
2015-09-30,48.369998931884766,45.09000015258789
2015-10-01,47.689998626708984,44.7400016784668
2015-10-02,48.130001068115234,45.540000915527344
2015-10-05,49.25,46.2599983215332
2015-10-06,51.91999816894531,48.529998779296875
2015-10-07,51.33000183105469,47.810001373291016
2015-10-08,53.04999923706055,49.43000030517578
2015-10-09,52.650001525878906,49.630001068115234
2015-10-12,49.86000061035156,47.099998474121094
2015-10-13,49.2400016784668,46.65999984741211
2015-10-14,49.150001525878906,46.63999938964844
2015-10-15,48.709999084472656,46.380001068115234
2015-10-16,48.72999954223633,47.2599983215332
2015-10-19,48.61000061035156,45.88999938964844
2015-10-20,48.709999084472656,45.54999923706055
2015-10-21,47.849998474121094,45.20000076293945
2015-10-22,48.08000183105469,45.380001068115234
2015-10-23,47.9900016784668,44.599998474121094
2015-10-26,47.540000915527344,43.97999954223633
2015-10-27,46.810001373291016,43.20000076293945
2015-10-28,49.04999923706055,45.939998626708984
2015-10-29,48.79999923706055,46.060001373291016
2015-10-30,49.560001373291016,46.59000015258789
2015-11-02,48.790000915527344,46.13999938964844
2015-11-03,50.540000915527344,47.900001525878906
2015-11-04,48.58000183105469,46.31999969482422
2015-11-05,47.97999954223633,45.20000076293945
2015-11-06,47.41999816894531,44.290000915527344
2015-11-09,47.189998626708984,43.869998931884766
2015-11-10,47.439998626708984,44.209999084472656
2015-11-11,45.810001373291016,42.93000030517578
2015-11-12,44.060001373291016,41.75
2015-11-13,43.61000061035156,40.7400016784668
2015-11-16,43.58000183105469,41.7400016784668
2015-11-17,43.56999969482422,40.66999816894531
2015-11-18,44.13999938964844,40.75
2015-11-19,44.18000030517578,40.540000915527344
2015-11-20,44.65999984741211,40.38999938964844
2015-11-23,44.83000183105469,41.75
2015-11-24,46.119998931884766,42.869998931884766
2015-11-25,46.16999816894531,43.040000915527344
2015-11-27,44.86000061035156,41.709999084472656
2015-11-30,44.61000061035156,41.650001525878906
2015-12-01,44.439998626708984,41.849998474121094
2015-12-02,42.4900016784668,39.939998626708984
2015-12-03,43.84000015258789,41.08000183105469
2015-12-04,43.0,39.970001220703125
2015-12-07,40.72999954223633,37.650001525878906
2015-12-08,40.2599983215332,37.5099983215332
2015-12-09,40.11000061035156,37.15999984741211
2015-12-10,39.72999954223633,36.7599983215332
2015-12-11,37.93000030517578,35.619998931884766
2015-12-14,37.91999816894531,36.310001373291016
2015-12-15,38.45000076293945,37.349998474121094
2015-12-16,37.189998626708984,35.52000045776367
2015-12-17,37.18000030517578,34.95000076293945
2015-12-18,36.880001068115234,34.72999954223633
2015-12-21,36.349998474121094,34.7400016784668
2015-12-22,36.11000061035156,36.13999938964844
2015-12-23,37.36000061035156,37.5
2015-12-24,37.88999938964844,38.099998474121094
2015-12-28,36.619998931884766,36.810001373291016
2015-12-29,37.790000915527344,37.869998931884766
2015-12-30,36.459999084472656,36.599998474121094
2015-12-31,37.279998779296875,37.040000915527344
2016-01-04,37.220001220703125,36.7599983215332
2016-01-05,36.41999816894531,35.970001220703125
2016-01-06,34.22999954223633,33.970001220703125
2016-01-07,33.75,33.27000045776367
2016-01-08,33.54999923706055,33.15999984741211
2016-01-11,31.549999237060547,31.40999984741211
2016-01-12,30.860000610351562,30.440000534057617
2016-01-13,30.309999465942383,30.479999542236328
2016-01-14,31.030000686645508,31.200000762939453
2016-01-15,31.010000228881836,29.420000076293945
2016-01-19,28.760000228881836,28.459999084472656
2016-01-20,27.8799991607666,26.549999237060547
2016-01-21,29.25,29.530000686645508
2016-01-22,32.18000030517578,32.189998626708984
2016-01-25,30.5,30.34000015258789
2016-01-26,31.799999237060547,31.450000762939453
2016-01-27,33.099998474121094,32.29999923706055
2016-01-28,33.88999938964844,33.220001220703125
2016-01-29,34.7400016784668,33.619998931884766
2016-02-01,34.689998626708984,31.6200008392334
2016-02-02,32.720001220703125,29.8799991607666
2016-02-03,35.040000915527344,32.279998779296875
2016-02-04,34.459999084472656,31.719999313354492
2016-02-05,34.060001373291016,30.889999389648438
2016-02-08,32.880001068115234,29.690000534057617
2016-02-09,30.31999969482422,27.940000534057617
2016-02-10,30.84000015258789,27.450000762939453
2016-02-11,30.059999465942383,26.209999084472656
2016-02-12,33.36000061035156,29.440000534057617
2016-02-16,32.18000030517578,29.040000915527344
2016-02-17,34.5,30.65999984741211
2016-02-18,34.279998779296875,30.770000457763672
2016-02-19,33.0099983215332,29.639999389648438
2016-02-22,34.689998626708984,31.479999542236328
2016-02-23,33.27000045776367,31.8700008392334
2016-02-24,34.40999984741211,32.150001525878906
2016-02-25,35.290000915527344,33.06999969482422
2016-02-26,35.099998474121094,32.779998779296875
2016-02-29,35.970001220703125,33.75
2016-03-01,35.959999084472656,34.400001525878906
2016-03-02,36.93000030517578,34.65999984741211
2016-03-03,37.06999969482422,34.56999969482422
2016-03-04,38.720001220703125,35.91999816894531
2016-03-07,40.84000015258789,37.900001525878906
2016-03-08,39.650001525878906,36.5
2016-03-09,41.06999969482422,38.290000915527344
2016-03-10,40.04999923706055,37.84000015258789
2016-03-11,40.38999938964844,38.5
2016-03-14,39.529998779296875,37.18000030517578
2016-03-15,38.7400016784668,36.34000015258789
2016-03-16,40.33000183105469,38.459999084472656
2016-03-17,41.540000915527344,40.20000076293945
2016-03-18,41.20000076293945,39.439998626708984
2016-03-21,41.540000915527344,39.90999984741211
2016-03-22,41.790000915527344,41.45000076293945
2016-03-23,40.470001220703125,39.790000915527344
2016-03-24,40.439998626708984,39.459999084472656
2016-03-28,40.27000045776367,39.38999938964844
2016-03-29,39.13999938964844,38.279998779296875
2016-03-30,39.2599983215332,38.31999969482422
2016-03-31,39.599998474121094,38.34000015258789
2016-04-01,39.65999984741211,36.790000915527344
2016-04-04,37.689998626708984,35.70000076293945
2016-04-05,37.869998931884766,35.88999938964844
2016-04-06,39.84000015258789,37.75
2016-04-07,39.43000030517578,37.2599983215332
2016-04-08,41.939998626708984,39.720001220703125
2016-04-11,42.83000183105469,40.36000061035156
2016-04-12,44.689998626708984,42.16999816894531
2016-04-13,44.18000030517578,41.7599983215332
2016-04-14,43.84000015258789,41.5
2016-04-15,43.099998474121094,40.36000061035156
2016-04-18,42.90999984741211,39.779998779296875
2016-04-19,44.029998779296875,41.08000183105469
2016-04-20,45.79999923706055,42.630001068115234
2016-04-21,44.529998779296875,43.18000030517578
2016-04-22,45.11000061035156,43.72999954223633
2016-04-25,44.47999954223633,42.63999938964844
2016-04-26,45.7400016784668,44.040000915527344
2016-04-27,47.18000030517578,45.33000183105469
2016-04-28,48.13999938964844,46.029998779296875
2016-04-29,48.130001068115234,45.91999816894531
2016-05-02,48.099998474121094,44.779998779296875
2016-05-03,46.75,43.650001525878906
2016-05-04,44.619998931884766,43.779998779296875
2016-05-05,45.0099983215332,44.31999969482422
2016-05-06,45.369998931884766,44.65999984741211
2016-05-09,43.630001068115234,43.439998626708984
2016-05-10,45.52000045776367,44.65999984741211
2016-05-11,47.599998474121094,46.22999954223633
2016-05-12,48.08000183105469,46.70000076293945
2016-05-13,47.83000183105469,46.209999084472656
2016-05-16,48.970001220703125,47.720001220703125
2016-05-17,49.279998779296875,48.310001373291016
2016-05-18,48.93000030517578,48.189998626708984
2016-05-19,48.810001373291016,48.15999984741211
2016-05-20,48.720001220703125,47.75
2016-05-23,48.349998474121094,48.08000183105469
2016-05-24,48.61000061035156,48.619998931884766
2016-05-25,49.7400016784668,49.560001373291016
2016-05-26,49.59000015258789,49.47999954223633
2016-05-27,49.31999969482422,49.33000183105469
2016-05-31,49.689998626708984,49.099998474121094
2016-06-01,49.709999084472656,49.0099983215332
2016-06-02,50.040000915527344,49.16999816894531
2016-06-03,49.63999938964844,48.619998931884766
2016-06-06,50.54999923706055,49.689998626708984
2016-06-07,51.439998626708984,50.36000061035156
2016-06-08,52.5099983215332,51.22999954223633
2016-06-09,51.95000076293945,50.560001373291016
2016-06-10,50.540000915527344,49.06999969482422
2016-06-13,50.349998474121094,48.880001068115234
2016-06-14,49.83000183105469,48.4900016784668
2016-06-15,48.970001220703125,48.0099983215332
2016-06-16,47.189998626708984,46.209999084472656
2016-06-17,49.16999816894531,47.97999954223633
2016-06-20,50.650001525878906,49.369998931884766
2016-06-21,50.619998931884766,48.849998474121094
2016-06-22,49.880001068115234,49.130001068115234
2016-06-23,50.90999984741211,50.11000061035156
2016-06-24,48.40999984741211,47.63999938964844
2016-06-27,47.15999984741211,46.33000183105469
2016-06-28,48.58000183105469,47.849998474121094
2016-06-29,50.61000061035156,49.880001068115234
2016-06-30,49.68000030517578,48.33000183105469
2016-07-01,49.84000015258789,48.9900016784668
2016-07-05,47.959999084472656,46.599998474121094
2016-07-06,48.79999923706055,47.43000030517578
2016-07-07,46.400001525878906,45.13999938964844
2016-07-08,46.7599983215332,45.40999984741211
2016-07-11,46.25,44.7599983215332
2016-07-12,48.470001220703125,46.79999923706055
2016-07-13,46.2599983215332,44.75
2016-07-14,47.369998931884766,45.68000030517578
2016-07-15,47.61000061035156,45.95000076293945
2016-07-18,46.959999084472656,45.2400016784668
2016-07-19,46.65999984741211,44.650001525878906
2016-07-20,47.16999816894531,44.939998626708984
2016-07-21,46.20000076293945,44.75
2016-07-22,45.689998626708984,44.189998626708984
2016-07-25,44.720001220703125,43.130001068115234
2016-07-26,44.869998931884766,42.91999816894531
2016-07-27,43.470001220703125,41.91999816894531
2016-07-28,42.70000076293945,41.13999938964844
2016-07-29,42.459999084472656,41.599998474121094
2016-08-01,42.45000076293945,40.060001373291016
2016-08-02,41.79999923706055,39.5099983215332
2016-08-03,43.099998474121094,40.83000183105469
2016-08-04,44.290000915527344,41.93000030517578
2016-08-05,44.27000045776367,41.79999923706055
2016-08-08,45.38999938964844,43.02000045776367
2016-08-09,44.97999954223633,42.77000045776367
2016-08-10,44.04999923706055,41.709999084472656
2016-08-11,46.040000915527344,43.4900016784668
2016-08-12,46.970001220703125,44.4900016784668
2016-08-15,48.349998474121094,45.7400016784668
2016-08-16,49.22999954223633,46.58000183105469
2016-08-17,49.849998474121094,46.790000915527344
2016-08-18,50.88999938964844,48.220001220703125
2016-08-19,50.880001068115234,48.52000045776367
2016-08-22,49.15999984741211,47.04999923706055
2016-08-23,49.959999084472656,48.099998474121094
2016-08-24,49.04999923706055,46.77000045776367
2016-08-25,49.66999816894531,47.33000183105469
2016-08-26,49.91999816894531,47.63999938964844
2016-08-29,49.2599983215332,46.97999954223633
2016-08-30,48.369998931884766,46.349998474121094
2016-08-31,47.040000915527344,44.70000076293945
2016-09-01,47.04999923706055,43.15999984741211
2016-09-02,46.83000183105469,44.439998626708984
2016-09-06,47.2599983215332,44.83000183105469
2016-09-07,47.97999954223633,45.5
2016-09-08,49.9900016784668,47.619998931884766
2016-09-09,48.0099983215332,45.880001068115234
2016-09-12,48.31999969482422,46.290000915527344
2016-09-13,47.099998474121094,44.900001525878906
2016-09-14,45.849998474121094,43.58000183105469
2016-09-15,46.59000015258789,43.90999984741211
2016-09-16,45.77000045776367,43.029998779296875
2016-09-19,45.95000076293945,43.29999923706055
2016-09-20,45.880001068115234,43.439998626708984
2016-09-21,46.83000183105469,45.34000015258789
2016-09-22,47.650001525878906,46.31999969482422
2016-09-23,45.88999938964844,44.47999954223633
2016-09-26,47.349998474121094,45.93000030517578
2016-09-27,45.970001220703125,44.66999816894531
2016-09-28,48.689998626708984,47.04999923706055
2016-09-29,49.2400016784668,47.83000183105469
2016-09-30,49.060001373291016,48.2400016784668
2016-10-03,49.099998474121094,48.810001373291016
2016-10-04,50.869998931884766,48.689998626708984
2016-10-05,51.86000061035156,49.83000183105469
2016-10-06,52.5099983215332,50.439998626708984
2016-10-07,51.93000030517578,49.810001373291016
2016-10-11,52.40999984741211,50.790000915527344
2016-10-12,51.810001373291016,50.18000030517578
2016-10-13,52.029998779296875,50.439998626708984
2016-10-14,51.95000076293945,50.349998474121094
2016-10-17,51.52000045776367,49.939998626708984
2016-10-18,51.68000030517578,50.290000915527344
2016-10-19,52.66999816894531,51.599998474121094
2016-10-20,51.380001068115234,50.43000030517578
2016-10-21,51.779998779296875,50.849998474121094
2016-10-24,51.459999084472656,50.52000045776367
2016-10-25,50.790000915527344,49.959999084472656
2016-10-26,49.97999954223633,49.18000030517578
2016-10-27,50.470001220703125,49.720001220703125
2016-10-28,49.709999084472656,48.70000076293945
2016-10-31,48.29999923706055,46.86000061035156
2016-11-01,48.33000183105469,46.66999816894531
2016-11-02,46.86000061035156,45.34000015258789
2016-11-03,46.349998474121094,44.65999984741211
2016-11-04,45.58000183105469,44.06999969482422
2016-11-07,46.150001525878906,44.88999938964844
2016-11-08,46.040000915527344,44.97999954223633
2016-11-09,46.36000061035156,45.27000045776367
2016-11-10,45.84000015258789,44.65999984741211
2016-11-14,44.43000030517578,43.31999969482422
2016-11-15,46.95000076293945,45.810001373291016
2016-11-16,46.630001068115234,45.56999969482422
2016-11-17,46.4900016784668,45.41999816894531
2016-11-18,46.86000061035156,45.689998626708984
2016-11-21,48.900001525878906,47.4900016784668
2016-11-22,49.119998931884766,48.029998779296875
2016-11-23,48.95000076293945,47.959999084472656
2016-11-25,47.2400016784668,46.060001373291016
2016-11-28,48.2400016784668,47.08000183105469
2016-11-29,46.380001068115234,45.22999954223633
2016-11-30,50.470001220703125,49.439998626708984
2016-12-01,50.459999084472656,51.060001373291016
2016-12-02,54.459999084472656,51.68000030517578
2016-12-05,54.939998626708984,51.790000915527344
2016-12-06,53.93000030517578,50.93000030517578
2016-12-07,53.0,49.77000045776367
2016-12-08,53.88999938964844,50.84000015258789
2016-12-09,54.33000183105469,51.5
2016-12-12,55.689998626708984,52.83000183105469
2016-12-13,55.720001220703125,52.97999954223633
2016-12-14,53.900001525878906,51.040000915527344
2016-12-15,54.02000045776367,50.900001525878906
2016-12-16,55.209999084472656,51.900001525878906
2016-12-19,54.91999816894531,52.119998931884766
2016-12-20,55.349998474121094,52.22999954223633
2016-12-21,54.459999084472656,52.4900016784668
2016-12-22,55.04999923706055,52.95000076293945
2016-12-23,55.15999984741211,53.02000045776367
2016-12-27,56.09000015258789,53.900001525878906
2016-12-28,56.220001220703125,54.060001373291016
2016-12-29,56.13999938964844,53.77000045776367
2016-12-30,56.130001068115234,53.720001220703125
2017-01-03,55.470001220703125,52.33000183105469
2017-01-04,56.459999084472656,53.2599983215332
2017-01-05,56.88999938964844,53.7599983215332
2017-01-06,57.099998474121094,53.9900016784668
2017-01-09,54.939998626708984,51.959999084472656
2017-01-10,53.63999938964844,50.81999969482422
2017-01-11,55.099998474121094,52.25
2017-01-12,56.0099983215332,53.0099983215332
2017-01-13,55.45000076293945,52.369998931884766
2017-01-17,55.470001220703125,52.47999954223633
2017-01-18,53.91999816894531,51.08000183105469
2017-01-19,54.15999984741211,51.369998931884766
2017-01-20,55.4900016784668,52.41999816894531
2017-01-23,55.22999954223633,52.75
2017-01-24,55.439998626708984,53.18000030517578
2017-01-25,55.08000183105469,52.75
2017-01-26,56.2400016784668,53.779998779296875
2017-01-27,55.52000045776367,53.16999816894531
2017-01-30,55.22999954223633,52.630001068115234
2017-01-31,55.70000076293945,52.810001373291016
2017-02-01,55.65999984741211,53.880001068115234
2017-02-02,56.560001373291016,53.540000915527344
2017-02-03,56.810001373291016,53.83000183105469
2017-02-06,55.720001220703125,53.0099983215332
2017-02-07,55.04999923706055,52.16999816894531
2017-02-08,55.119998931884766,52.34000015258789
2017-02-09,55.630001068115234,53.0
2017-02-10,56.70000076293945,53.86000061035156
2017-02-13,55.59000015258789,52.93000030517578
2017-02-14,55.970001220703125,53.20000076293945
2017-02-15,55.75,53.11000061035156
2017-02-16,55.650001525878906,53.36000061035156
2017-02-17,55.810001373291016,53.400001525878906
2017-02-21,56.65999984741211,54.060001373291016
2017-02-22,55.84000015258789,53.59000015258789
2017-02-23,56.58000183105469,54.45000076293945
2017-02-24,55.9900016784668,53.9900016784668
2017-02-27,55.93000030517578,54.04999923706055
2017-02-28,55.59000015258789,54.0099983215332
2017-03-01,55.599998474121094,53.83000183105469
2017-03-02,55.08000183105469,52.61000061035156
2017-03-03,55.900001525878906,53.33000183105469
2017-03-06,56.0099983215332,53.20000076293945
2017-03-07,55.91999816894531,53.13999938964844
2017-03-08,53.11000061035156,50.279998779296875
2017-03-09,52.189998626708984,49.279998779296875
2017-03-10,51.369998931884766,48.4900016784668
2017-03-13,51.349998474121094,48.400001525878906
2017-03-14,50.91999816894531,47.720001220703125
2017-03-15,51.810001373291016,48.86000061035156
2017-03-16,51.7400016784668,48.75
2017-03-17,51.7599983215332,48.779998779296875
2017-03-20,51.619998931884766,48.220001220703125
2017-03-21,50.959999084472656,47.34000015258789
2017-03-22,50.63999938964844,48.040000915527344
2017-03-23,50.560001373291016,47.70000076293945
2017-03-24,50.79999923706055,47.970001220703125
2017-03-27,50.75,47.72999954223633
2017-03-28,51.33000183105469,48.369998931884766
2017-03-29,52.41999816894531,49.5099983215332
2017-03-30,52.959999084472656,50.349998474121094
2017-03-31,52.83000183105469,50.599998474121094
2017-04-03,53.119998931884766,50.2400016784668
2017-04-04,54.16999816894531,51.029998779296875
2017-04-05,54.36000061035156,51.150001525878906
2017-04-06,54.88999938964844,51.70000076293945
2017-04-07,55.2400016784668,52.2400016784668
2017-04-10,55.97999954223633,53.08000183105469
2017-04-11,56.22999954223633,53.400001525878906
2017-04-12,55.86000061035156,53.11000061035156
2017-04-13,55.88999938964844,53.18000030517578
2017-04-17,55.36000061035156,52.650001525878906
2017-04-18,54.88999938964844,52.40999984741211
2017-04-19,52.93000030517578,50.439998626708984
2017-04-20,52.9900016784668,50.27000045776367
2017-04-21,51.959999084472656,49.619998931884766
2017-04-24,51.599998474121094,49.22999954223633
2017-04-25,52.099998474121094,49.560001373291016
2017-04-26,51.81999969482422,49.619998931884766
2017-04-27,51.439998626708984,48.970001220703125
2017-04-28,51.72999954223633,49.33000183105469
2017-05-01,51.52000045776367,48.84000015258789
2017-05-02,50.459999084472656,47.65999984741211
2017-05-03,50.790000915527344,47.81999969482422
2017-05-04,48.380001068115234,45.52000045776367
2017-05-05,49.099998474121094,46.220001220703125
2017-05-08,49.34000015258789,46.43000030517578
2017-05-09,48.72999954223633,45.880001068115234
2017-05-10,50.220001220703125,47.33000183105469
2017-05-11,50.77000045776367,47.83000183105469
2017-05-12,50.84000015258789,47.84000015258789
2017-05-15,51.81999969482422,48.849998474121094
2017-05-16,51.650001525878906,48.65999984741211
2017-05-17,52.209999084472656,49.06999969482422
2017-05-18,52.5099983215332,49.349998474121094
2017-05-19,53.61000061035156,50.33000183105469
2017-05-22,53.869998931884766,50.72999954223633
2017-05-23,54.150001525878906,51.470001220703125
2017-05-24,53.959999084472656,51.36000061035156
2017-05-25,51.459999084472656,48.900001525878906
2017-05-26,52.150001525878906,49.79999923706055
2017-05-30,51.84000015258789,49.65999984741211
2017-05-31,50.310001373291016,48.31999969482422
2017-06-01,50.33000183105469,48.36000061035156
2017-06-02,49.95000076293945,47.65999984741211
2017-06-05,49.470001220703125,47.400001525878906
2017-06-06,50.119998931884766,48.189998626708984
2017-06-07,48.060001373291016,45.720001220703125
2017-06-08,47.86000061035156,45.63999938964844
2017-06-09,48.150001525878906,45.83000183105469
2017-06-12,48.290000915527344,46.08000183105469
2017-06-13,48.720001220703125,46.459999084472656
2017-06-14,47.0,44.72999954223633
2017-06-15,46.91999816894531,44.459999084472656
2017-06-16,47.369998931884766,44.7400016784668
2017-06-19,46.90999984741211,44.20000076293945
2017-06-20,46.02000045776367,43.22999954223633
2017-06-21,44.81999969482422,42.529998779296875
2017-06-22,45.220001220703125,42.7400016784668
2017-06-23,45.540000915527344,43.0099983215332
2017-06-26,45.83000183105469,43.380001068115234
2017-06-27,46.650001525878906,44.2400016784668
2017-06-28,47.310001373291016,44.7400016784668
2017-06-29,47.41999816894531,44.93000030517578
2017-06-30,47.91999816894531,46.040000915527344
2017-07-03,49.68000030517578,47.06999969482422
2017-07-05,47.790000915527344,45.130001068115234
2017-07-06,48.11000061035156,45.52000045776367
2017-07-07,46.709999084472656,44.22999954223633
2017-07-10,46.880001068115234,44.400001525878906
2017-07-11,47.52000045776367,45.040000915527344
2017-07-12,47.7400016784668,45.4900016784668
2017-07-13,48.41999816894531,46.08000183105469
2017-07-14,48.90999984741211,46.540000915527344
2017-07-17,48.41999816894531,46.02000045776367
2017-07-18,48.84000015258789,46.400001525878906
2017-07-19,49.70000076293945,47.119998931884766
2017-07-20,49.29999923706055,46.790000915527344
2017-07-21,48.060001373291016,45.77000045776367
2017-07-24,48.599998474121094,46.34000015258789
2017-07-25,50.20000076293945,47.88999938964844
2017-07-26,50.970001220703125,48.75
2017-07-27,51.4900016784668,49.040000915527344
2017-07-28,52.52000045776367,49.709999084472656
2017-07-31,52.650001525878906,50.16999816894531
2017-08-01,52.630001068115234,49.15999984741211
2017-08-02,52.36000061035156,49.59000015258789
2017-08-03,52.0099983215332,49.029998779296875
2017-08-04,52.41999816894531,49.58000183105469
2017-08-07,52.369998931884766,49.38999938964844
2017-08-08,52.13999938964844,49.16999816894531
2017-08-09,52.70000076293945,49.560001373291016
2017-08-10,51.900001525878906,48.59000015258789
2017-08-11,52.099998474121094,48.81999969482422
2017-08-14,50.72999954223633,47.59000015258789
2017-08-15,50.79999923706055,47.54999923706055
2017-08-16,50.27000045776367,46.779998779296875
2017-08-17,51.029998779296875,47.09000015258789
2017-08-18,52.720001220703125,48.5099983215332
2017-08-21,51.65999984741211,47.369998931884766
2017-08-22,51.869998931884766,47.63999938964844
2017-08-23,52.56999969482422,48.40999984741211
2017-08-24,52.040000915527344,47.43000030517578
2017-08-25,52.40999984741211,47.869998931884766
2017-08-28,51.88999938964844,46.56999969482422
2017-08-29,52.0,46.439998626708984
2017-08-30,50.86000061035156,45.959999084472656
2017-08-31,52.380001068115234,47.22999954223633
2017-09-01,52.31999969482422,47.290000915527344
2017-09-05,53.380001068115234,48.65999984741211
2017-09-06,54.20000076293945,49.15999984741211
2017-09-07,54.4900016784668,49.09000015258789
2017-09-08,53.779998779296875,47.47999954223633
2017-09-11,53.84000015258789,48.06999969482422
2017-09-12,54.27000045776367,48.22999954223633
2017-09-13,55.15999984741211,49.29999923706055
2017-09-14,55.470001220703125,49.88999938964844
2017-09-15,55.619998931884766,49.88999938964844
2017-09-18,55.47999954223633,49.90999984741211
2017-09-19,55.13999938964844,49.47999954223633
2017-09-20,56.290000915527344,50.40999984741211
2017-09-21,56.43000030517578,50.54999923706055
2017-09-22,56.86000061035156,50.65999984741211
2017-09-25,59.02000045776367,52.220001220703125
2017-09-26,58.439998626708984,51.880001068115234
2017-09-27,57.900001525878906,52.13999938964844
2017-09-28,57.40999984741211,51.560001373291016
2017-09-29,57.540000915527344,51.66999816894531
2017-10-02,56.119998931884766,50.58000183105469
2017-10-03,56.0,50.41999816894531
2017-10-04,55.79999923706055,49.97999954223633
2017-10-05,57.0,50.790000915527344
2017-10-06,55.619998931884766,49.290000915527344
2017-10-09,55.790000915527344,49.58000183105469
2017-10-10,56.61000061035156,50.91999816894531
2017-10-11,56.939998626708984,51.29999923706055
2017-10-12,56.25,50.599998474121094
2017-10-13,57.16999816894531,51.45000076293945
2017-10-16,57.81999969482422,51.869998931884766
2017-10-17,57.880001068115234,51.880001068115234
2017-10-18,58.150001525878906,52.040000915527344
2017-10-19,57.22999954223633,51.290000915527344
2017-10-20,57.75,51.470001220703125
2017-10-23,57.369998931884766,51.900001525878906
2017-10-24,58.33000183105469,52.470001220703125
2017-10-25,58.439998626708984,52.18000030517578
2017-10-26,59.29999923706055,52.63999938964844
2017-10-27,60.439998626708984,53.900001525878906
2017-10-30,60.900001525878906,54.150001525878906
2017-10-31,61.369998931884766,54.380001068115234
2017-11-01,61.290000915527344,54.29999923706055
2017-11-02,60.619998931884766,54.540000915527344
2017-11-03,62.06999969482422,55.63999938964844
2017-11-06,64.2699966430664,57.349998474121094
2017-11-07,63.689998626708984,57.20000076293945
2017-11-08,63.4900016784668,56.810001373291016
2017-11-09,63.93000030517578,57.16999816894531
2017-11-10,63.52000045776367,56.7400016784668
2017-11-13,63.15999984741211,56.7599983215332
2017-11-14,62.209999084472656,55.70000076293945
2017-11-15,61.869998931884766,55.33000183105469
2017-11-16,61.36000061035156,55.13999938964844
2017-11-17,62.720001220703125,56.54999923706055
2017-11-20,62.220001220703125,56.09000015258789
2017-11-21,62.56999969482422,56.83000183105469
2017-11-22,63.31999969482422,58.02000045776367
2017-11-24,63.86000061035156,58.95000076293945
2017-11-27,63.84000015258789,58.11000061035156
2017-11-28,63.61000061035156,57.9900016784668
2017-11-29,63.11000061035156,57.29999923706055
2017-11-30,63.56999969482422,57.400001525878906
2017-12-01,63.4900016784668,58.36000061035156
2017-12-04,62.45000076293945,57.470001220703125
2017-12-05,62.86000061035156,57.619998931884766
2017-12-06,61.220001220703125,55.959999084472656
2017-12-07,62.20000076293945,56.689998626708984
2017-12-08,63.400001525878906,57.36000061035156
2017-12-11,64.69000244140625,57.9900016784668
2017-12-12,63.34000015258789,57.13999938964844
2017-12-13,62.439998626708984,56.599998474121094
2017-12-14,63.310001373291016,57.040000915527344
2017-12-15,63.22999954223633,57.29999923706055
2017-12-18,63.40999984741211,57.15999984741211
2017-12-19,63.79999923706055,57.459999084472656
2017-12-20,64.55999755859375,58.09000015258789
2017-12-21,64.9000015258789,58.36000061035156
2017-12-22,65.25,58.470001220703125
2017-12-26,67.0199966430664,59.970001220703125
2017-12-27,66.44000244140625,59.63999938964844
2017-12-28,66.72000122070312,59.84000015258789
2017-12-29,66.5999984741211,60.41999816894531
2018-01-02,66.56999969482422,60.369998931884766
2018-01-03,67.83999633789062,61.630001068115234
2018-01-04,68.06999969482422,62.0099983215332
2018-01-05,67.62000274658203,61.439998626708984
2018-01-08,67.77999877929688,61.72999954223633
2018-01-09,68.81999969482422,62.959999084472656
2018-01-10,69.19999694824219,63.56999969482422
2018-01-11,69.26000213623047,63.79999923706055
2018-01-12,69.87000274658203,64.30000305175781
2018-01-16,69.1500015258789,63.72999954223633
2018-01-17,69.37999725341797,63.970001220703125
2018-01-18,69.30999755859375,63.95000076293945
2018-01-19,68.61000061035156,63.369998931884766
2018-01-22,69.02999877929688,63.4900016784668
2018-01-23,69.95999908447266,64.47000122070312
2018-01-24,70.52999877929688,65.61000061035156
2018-01-25,70.41999816894531,65.51000213623047
2018-01-26,70.5199966430664,66.13999938964844
2018-01-29,69.45999908447266,65.55999755859375
2018-01-30,69.0199966430664,64.5
2018-01-31,69.05000305175781,64.7300033569336
2018-02-01,69.08000183105469,65.80000305175781
2018-02-02,68.58000183105469,65.44999694824219
2018-02-05,67.62000274658203,64.1500015258789
2018-02-06,66.86000061035156,63.38999938964844
2018-02-07,65.51000213623047,61.790000915527344
2018-02-08,64.80999755859375,61.150001525878906
2018-02-09,62.790000915527344,59.20000076293945
2018-02-12,62.59000015258789,59.290000915527344
2018-02-13,62.720001220703125,59.189998626708984
2018-02-14,64.36000061035156,60.599998474121094
2018-02-15,64.33000183105469,61.34000015258789
2018-02-16,64.83999633789062,61.68000030517578
2018-02-20,65.25,61.900001525878906
2018-02-21,65.41999816894531,61.68000030517578
2018-02-22,66.38999938964844,62.77000045776367
2018-02-23,67.30999755859375,63.54999923706055
2018-02-26,67.5,63.90999984741211
2018-02-27,66.62999725341797,63.0099983215332
2018-02-28,65.77999877929688,61.63999938964844
2018-03-01,65.70999908447266,60.9900016784668
2018-03-02,64.37000274658203,61.25
2018-03-05,65.54000091552734,62.56999969482422
2018-03-06,65.79000091552734,62.599998474121094
2018-03-07,64.33999633789062,61.150001525878906
2018-03-08,63.61000061035156,60.119998931884766
2018-03-09,65.48999786376953,62.040000915527344
2018-03-12,64.94999694824219,61.36000061035156
2018-03-13,64.63999938964844,60.709999084472656
2018-03-14,64.88999938964844,60.959999084472656
2018-03-15,65.12000274658203,61.189998626708984
2018-03-16,66.20999908447266,62.34000015258789
2018-03-19,66.05000305175781,62.060001373291016
2018-03-20,67.41999816894531,63.400001525878906
2018-03-21,69.47000122070312,65.16999816894531
2018-03-22,68.91000366210938,64.30000305175781
2018-03-23,70.44999694824219,65.87999725341797
2018-03-26,70.12000274658203,65.55000305175781
2018-03-27,70.11000061035156,65.25
2018-03-28,69.52999877929688,64.37999725341797
2018-03-29,70.2699966430664,64.94000244140625
2018-04-02,67.63999938964844,63.0099983215332
2018-04-03,68.12000274658203,63.5099983215332
2018-04-04,68.0199966430664,63.369998931884766
2018-04-05,68.33000183105469,63.540000915527344
2018-04-06,67.11000061035156,62.060001373291016
2018-04-09,68.6500015258789,63.41999816894531
2018-04-10,71.04000091552734,65.51000213623047
2018-04-11,72.05999755859375,66.81999969482422
2018-04-12,72.0199966430664,67.06999969482422
2018-04-13,72.58000183105469,67.38999938964844
2018-04-16,71.41999816894531,66.22000122070312
2018-04-17,71.58000183105469,66.5199966430664
2018-04-18,73.4800033569336,68.47000122070312
2018-04-19,73.77999877929688,68.29000091552734
2018-04-20,74.05999755859375,68.37999725341797
2018-04-23,74.70999908447266,68.63999938964844
2018-04-24,73.86000061035156,67.69999694824219
2018-04-25,74.0,68.05000305175781
2018-04-26,74.73999786376953,68.19000244140625
2018-04-27,74.63999938964844,68.0999984741211
2018-04-30,75.16999816894531,68.56999969482422
2018-05-01,75.16999816894531,67.25
2018-05-02,73.36000061035156,67.93000030517578
2018-05-03,73.62000274658203,68.43000030517578
2018-05-04,74.87000274658203,69.72000122070312
2018-05-07,76.16999816894531,70.7300033569336
2018-05-08,74.8499984741211,69.05999755859375
2018-05-09,77.20999908447266,71.13999938964844
2018-05-10,77.47000122070312,71.36000061035156
2018-05-11,77.12000274658203,70.69999694824219
2018-05-14,78.2300033569336,70.95999908447266
2018-05-15,78.43000030517578,71.30999755859375
2018-05-16,79.27999877929688,71.48999786376953
2018-05-17,79.30000305175781,71.48999786376953
2018-05-18,78.51000213623047,71.27999877929688
2018-05-21,79.22000122070312,72.23999786376953
2018-05-22,79.56999969482422,72.12999725341797
2018-05-23,79.80000305175781,71.83999633789062
2018-05-24,78.79000091552734,70.70999908447266
2018-05-25,76.44000244140625,67.87999725341797
2018-05-29,75.38999938964844,66.7300033569336
2018-05-30,77.5,68.20999908447266
2018-05-31,77.58999633789062,67.04000091552734
2018-06-01,77.58999633789062,65.80999755859375
2018-06-04,75.29000091552734,64.75
2018-06-05,75.37999725341797,65.5199966430664
2018-06-06,75.36000061035156,64.7300033569336
2018-06-07,77.31999969482422,65.94999694824219
2018-06-08,76.45999908447266,65.73999786376953
2018-06-11,76.45999908447266,66.0999984741211
2018-06-12,75.87999725341797,66.36000061035156
2018-06-13,76.73999786376953,66.63999938964844
2018-06-14,75.94000244140625,66.88999938964844
2018-06-15,73.44000244140625,65.05999755859375
2018-06-18,75.33999633789062,65.8499984741211
2018-06-19,75.08000183105469,65.06999969482422
2018-06-20,74.73999786376953,66.22000122070312
2018-06-21,73.05000305175781,65.54000091552734
2018-06-22,75.55000305175781,68.58000183105469
2018-06-25,74.7300033569336,68.08000183105469
2018-06-26,76.30999755859375,70.52999877929688
2018-06-27,77.62000274658203,72.76000213623047
2018-06-28,77.8499984741211,73.44999694824219
2018-06-29,79.44000244140625,74.1500015258789
2018-07-02,77.30000305175781,73.94000244140625
2018-07-03,77.76000213623047,74.13999938964844
2018-07-05,77.38999938964844,72.94000244140625
2018-07-06,77.11000061035156,73.80000305175781
2018-07-09,78.06999969482422,73.8499984741211
2018-07-10,78.86000061035156,74.11000061035156
2018-07-11,73.4000015258789,70.37999725341797
2018-07-12,74.44999694824219,70.33000183105469
2018-07-13,75.33000183105469,71.01000213623047
2018-07-16,71.83999633789062,68.05999755859375
2018-07-17,72.16000366210938,68.08000183105469
2018-07-18,72.9000015258789,68.76000213623047
2018-07-19,72.58000183105469,69.45999908447266
2018-07-20,73.06999969482422,70.45999908447266
2018-07-23,73.05999755859375,67.88999938964844
2018-07-24,73.44000244140625,68.5199966430664
2018-07-25,73.93000030517578,69.30000305175781
2018-07-26,74.54000091552734,69.61000061035156
2018-07-27,74.29000091552734,68.69000244140625
2018-07-30,74.97000122070312,70.12999725341797
2018-07-31,74.25,68.76000213623047
2018-08-01,74.25,67.66000366210938
2018-08-02,73.44999694824219,68.95999908447266
2018-08-03,73.20999908447266,68.48999786376953
2018-08-06,73.75,69.01000213623047
2018-08-07,74.6500015258789,69.16999816894531
2018-08-08,72.27999877929688,66.94000244140625
2018-08-09,72.06999969482422,66.80999755859375
2018-08-10,72.80999755859375,67.62999725341797
2018-08-13,72.61000061035156,67.19999694824219
2018-08-14,72.45999908447266,67.04000091552734
2018-08-15,70.76000213623047,65.01000213623047
2018-08-16,71.43000030517578,65.45999908447266
2018-08-17,71.83000183105469,65.91000366210938
2018-08-20,72.20999908447266,66.43000030517578
2018-08-21,72.62999725341797,67.3499984741211
2018-08-22,74.77999877929688,67.86000061035156
2018-08-23,74.7300033569336,67.83000183105469
2018-08-24,75.81999969482422,68.72000122070312
2018-08-27,76.20999908447266,68.87000274658203
2018-08-28,75.94999694824219,68.52999877929688
2018-08-29,77.13999938964844,69.51000213623047
2018-08-30,77.7699966430664,70.25
2018-08-31,77.41999816894531,69.80000305175781
2018-09-04,78.16999816894531,69.87000274658203
2018-09-05,77.2699966430664,68.72000122070312
2018-09-06,76.5,67.7699966430664
2018-09-07,76.83000183105469,67.75
2018-09-10,77.37000274658203,67.54000091552734
2018-09-11,79.05999755859375,69.25
2018-09-12,79.73999786376953,70.37000274658203
2018-09-13,78.18000030517578,68.58999633789062
2018-09-14,78.08999633789062,68.98999786376953
2018-09-17,78.05000305175781,68.91000366210938
2018-09-18,79.02999877929688,69.8499984741211
2018-09-19,79.4000015258789,71.12000274658203
2018-09-20,78.69999694824219,70.80000305175781
2018-09-21,78.80000305175781,70.77999877929688
2018-09-24,81.19999694824219,72.08000183105469
2018-09-25,81.87000274658203,72.27999877929688
2018-09-26,81.33999633789062,71.56999969482422
2018-09-27,81.72000122070312,72.12000274658203
2018-09-28,82.72000122070312,73.25
2018-10-01,84.9800033569336,75.30000305175781
2018-10-02,84.80000305175781,75.2300033569336
2018-10-03,86.29000091552734,76.41000366210938
2018-10-04,84.58000183105469,74.33000183105469
2018-10-05,84.16000366210938,74.33999633789062
2018-10-08,83.91000366210938,74.29000091552734
2018-10-09,85.0,74.95999908447266
2018-10-10,83.08999633789062,73.16999816894531
2018-10-11,80.26000213623047,70.97000122070312
2018-10-12,80.43000030517578,71.33999633789062
2018-10-15,80.77999877929688,71.77999877929688
2018-10-16,81.41000366210938,71.91999816894531
2018-10-17,80.05000305175781,69.75
2018-10-18,79.29000091552734,68.6500015258789
2018-10-19,79.77999877929688,69.12000274658203
2018-10-22,79.83000183105469,69.16999816894531
2018-10-23,76.44000244140625,66.43000030517578
2018-10-24,76.16999816894531,66.81999969482422
2018-10-25,76.88999938964844,67.33000183105469
2018-10-26,77.62000274658203,67.58999633789062
2018-10-29,77.33999633789062,67.04000091552734
2018-10-30,75.91000366210938,66.18000030517578
2018-10-31,75.47000122070312,65.30999755859375
2018-11-01,75.5,63.689998626708984
2018-11-02,72.83000183105469,63.13999938964844
2018-11-05,73.16999816894531,63.099998474121094
2018-11-06,72.12999725341797,62.209999084472656
2018-11-07,72.06999969482422,61.66999816894531
2018-11-08,70.6500015258789,60.66999816894531
2018-11-09,70.18000030517578,60.189998626708984
2018-11-12,70.12000274658203,59.93000030517578
2018-11-13,65.47000122070312,55.689998626708984
2018-11-14,66.12000274658203,56.25
2018-11-15,66.62000274658203,56.459999084472656
2018-11-16,66.76000213623047,56.459999084472656
2018-11-19,66.79000091552734,56.7599983215332
2018-11-20,62.529998779296875,53.43000030517578
2018-11-21,63.47999954223633,54.630001068115234
2018-11-23,58.79999923706055,50.41999816894531
2018-11-26,60.47999954223633,51.630001068115234
2018-11-27,60.209999084472656,51.560001373291016
2018-11-28,58.7599983215332,50.290000915527344
2018-11-29,59.5099983215332,51.45000076293945
2018-11-30,58.709999084472656,50.93000030517578
2018-12-03,61.689998626708984,52.95000076293945
2018-12-04,62.08000183105469,53.25
2018-12-06,60.060001373291016,51.4900016784668
2018-12-07,61.66999816894531,52.61000061035156
2018-12-10,59.970001220703125,51.0
2018-12-11,60.20000076293945,51.650001525878906
2018-12-12,60.150001525878906,51.150001525878906
2018-12-13,61.45000076293945,52.58000183105469
2018-12-14,60.279998779296875,51.20000076293945
2018-12-17,59.61000061035156,49.880001068115234
2018-12-18,56.2599983215332,46.2400016784668
2018-12-19,57.2400016784668,47.20000076293945
2018-12-20,54.349998474121094,45.880001068115234
2018-12-21,53.81999969482422,45.59000015258789
2018-12-24,50.470001220703125,42.529998779296875
2018-12-26,54.470001220703125,46.220001220703125
2018-12-27,52.15999984741211,44.61000061035156
2018-12-28,52.20000076293945,45.33000183105469
2018-12-31,53.79999923706055,45.40999984741211
2019-01-02,54.90999984741211,46.540000915527344
2019-01-03,55.95000076293945,47.09000015258789
2019-01-04,57.060001373291016,47.959999084472656
2019-01-07,57.33000183105469,48.52000045776367
2019-01-08,58.720001220703125,49.779998779296875
2019-01-09,61.439998626708984,52.36000061035156
2019-01-10,61.68000030517578,52.59000015258789
2019-01-11,60.47999954223633,51.59000015258789
2019-01-14,58.9900016784668,50.5099983215332
2019-01-15,60.63999938964844,52.11000061035156
2019-01-16,61.31999969482422,52.310001373291016
2019-01-17,61.18000030517578,52.06999969482422
2019-01-18,62.70000076293945,53.79999923706055
2019-01-22,61.5,52.56999969482422
2019-01-23,61.13999938964844,52.619998931884766
2019-01-24,61.09000015258789,53.130001068115234
2019-01-25,61.63999938964844,53.689998626708984
2019-01-28,59.93000030517578,51.9900016784668
2019-01-29,61.31999969482422,53.310001373291016
2019-01-30,61.650001525878906,54.22999954223633
2019-01-31,61.88999938964844,53.790000915527344
2019-02-01,61.869998931884766,55.2599983215332
2019-02-04,62.5099983215332,54.560001373291016
2019-02-05,61.97999954223633,53.65999984741211
2019-02-06,62.689998626708984,54.0099983215332
2019-02-07,61.630001068115234,52.63999938964844
2019-02-08,62.099998474121094,52.720001220703125
2019-02-11,61.5099983215332,52.40999984741211
2019-02-12,62.41999816894531,53.099998474121094
2019-02-13,63.61000061035156,53.900001525878906
2019-02-14,64.56999969482422,54.40999984741211
2019-02-15,66.25,55.59000015258789
2019-02-19,66.44999694824219,56.09000015258789
2019-02-20,67.08000183105469,56.91999816894531
2019-02-21,67.06999969482422,56.959999084472656
2019-02-22,67.12000274658203,57.2599983215332
2019-02-25,64.76000213623047,55.47999954223633
2019-02-26,65.20999908447266,55.5
2019-02-27,66.38999938964844,56.939998626708984
2019-02-28,66.02999877929688,57.220001220703125
2019-03-01,65.06999969482422,55.79999923706055
2019-03-04,65.66999816894531,56.59000015258789
2019-03-05,65.86000061035156,56.560001373291016
2019-03-06,65.98999786376953,56.220001220703125
2019-03-07,66.30000305175781,56.65999984741211
2019-03-08,65.73999786376953,56.06999969482422
2019-03-11,66.58000183105469,56.790000915527344
2019-03-12,66.66999816894531,56.869998931884766
2019-03-13,67.55000305175781,58.2599983215332
2019-03-14,67.2300033569336,58.61000061035156
2019-03-15,67.16000366210938,58.52000045776367
2019-03-18,67.54000091552734,59.09000015258789
2019-03-19,67.61000061035156,59.029998779296875
2019-03-20,68.5,59.83000183105469
2019-03-21,67.86000061035156,59.97999954223633
2019-03-22,67.02999877929688,59.040000915527344
2019-03-25,67.20999908447266,58.81999969482422
2019-03-26,67.97000122070312,59.939998626708984
2019-03-27,67.83000183105469,59.40999984741211
2019-03-28,67.81999969482422,59.29999923706055
2019-03-29,68.38999938964844,60.13999938964844
2019-04-01,69.01000213623047,61.59000015258789
2019-04-02,69.37000274658203,62.58000183105469
2019-04-03,69.30999755859375,62.459999084472656
2019-04-04,69.4000015258789,62.099998474121094
2019-04-05,70.33999633789062,63.08000183105469
2019-04-08,71.0999984741211,64.4000015258789
2019-04-09,70.61000061035156,63.97999954223633
2019-04-10,71.7300033569336,64.61000061035156
2019-04-11,70.83000183105469,63.58000183105469
2019-04-12,71.55000305175781,63.88999938964844
2019-04-15,71.18000030517578,63.400001525878906
2019-04-16,71.72000122070312,64.05000305175781
2019-04-17,71.62000274658203,63.7599983215332
2019-04-18,71.97000122070312,64.0
2019-04-22,74.04000091552734,65.69999694824219
2019-04-23,74.51000213623047,66.30000305175781
2019-04-24,74.56999969482422,65.88999938964844
2019-04-25,74.3499984741211,65.20999908447266
2019-04-26,72.1500015258789,63.29999923706055
2019-04-29,72.04000091552734,63.5
2019-04-30,72.80000305175781,63.90999984741211
2019-05-01,72.18000030517578,63.599998474121094
2019-05-02,70.75,61.810001373291016
2019-05-03,70.8499984741211,61.939998626708984
2019-05-06,71.23999786376953,62.25
2019-05-07,69.87999725341797,61.400001525878906
2019-05-08,70.37000274658203,62.119998931884766
2019-05-09,70.38999938964844,61.70000076293945
2019-05-10,70.62000274658203,61.65999984741211
2019-05-13,70.2300033569336,61.040000915527344
2019-05-14,71.23999786376953,61.779998779296875
2019-05-15,71.7699966430664,62.02000045776367
2019-05-16,72.62000274658203,62.869998931884766
2019-05-17,72.20999908447266,62.7599983215332
2019-05-20,71.97000122070312,63.099998474121094
2019-05-21,72.18000030517578,62.9900016784668
2019-05-22,70.98999786376953,61.41999816894531
2019-05-23,67.76000213623047,57.90999984741211
2019-05-24,68.69000244140625,58.630001068115234
2019-05-28,70.11000061035156,59.13999938964844
2019-05-29,69.44999694824219,58.810001373291016
2019-05-30,66.87000274658203,56.59000015258789
2019-05-31,64.48999786376953,53.5
2019-06-03,61.279998779296875,53.25
2019-06-04,61.970001220703125,53.47999954223633
2019-06-05,60.630001068115234,51.68000030517578
2019-06-06,61.66999816894531,52.59000015258789
2019-06-07,63.290000915527344,53.9900016784668
2019-06-10,62.290000915527344,53.2599983215332
2019-06-11,62.290000915527344,53.27000045776367
2019-06-12,59.970001220703125,51.13999938964844
2019-06-13,61.310001373291016,52.279998779296875
2019-06-14,62.0099983215332,52.5099983215332
2019-06-17,60.939998626708984,51.93000030517578
2019-06-18,62.13999938964844,53.900001525878906
2019-06-19,61.81999969482422,53.7599983215332
2019-06-20,64.44999694824219,56.650001525878906
2019-06-21,65.19999694824219,57.43000030517578
2019-06-24,64.86000061035156,57.900001525878906
2019-06-25,65.05000305175781,57.83000183105469
2019-06-26,66.48999786376953,59.380001068115234
2019-06-27,66.55000305175781,59.43000030517578
2019-06-28,66.55000305175781,58.470001220703125
2019-07-01,65.05999755859375,59.09000015258789
2019-07-02,62.400001525878906,56.25
2019-07-03,63.81999969482422,57.34000015258789
2019-07-05,64.2300033569336,57.5099983215332
2019-07-08,64.11000061035156,57.65999984741211
2019-07-09,64.16000366210938,57.83000183105469
2019-07-10,67.01000213623047,60.43000030517578
2019-07-11,66.5199966430664,60.20000076293945
2019-07-12,66.72000122070312,60.209999084472656
2019-07-15,66.4800033569336,59.58000183105469
2019-07-16,64.3499984741211,57.619998931884766
2019-07-17,63.65999984741211,56.779998779296875
2019-07-18,61.93000030517578,55.29999923706055
2019-07-19,62.470001220703125,55.630001068115234
2019-07-22,63.2599983215332,56.220001220703125
2019-07-23,63.83000183105469,56.77000045776367
2019-07-24,63.18000030517578,55.880001068115234
2019-07-25,63.38999938964844,56.02000045776367
2019-07-26,63.459999084472656,56.20000076293945
2019-07-29,63.709999084472656,56.869998931884766
2019-07-30,64.72000122070312,58.04999923706055
2019-07-31,65.16999816894531,58.58000183105469
2019-08-01,60.5,53.95000076293945
2019-08-02,61.88999938964844,55.65999984741211
2019-08-05,59.810001373291016,54.689998626708984
2019-08-06,58.939998626708984,53.630001068115234
2019-08-07,56.22999954223633,51.09000015258789
2019-08-08,57.380001068115234,52.540000915527344
2019-08-09,58.529998779296875,54.5
2019-08-12,58.56999969482422,54.93000030517578
2019-08-13,61.29999923706055,57.099998474121094
2019-08-14,59.47999954223633,55.22999954223633
2019-08-15,58.22999954223633,54.470001220703125
2019-08-16,58.63999938964844,54.869998931884766
2019-08-19,59.7400016784668,56.209999084472656
2019-08-20,60.029998779296875,56.34000015258789
2019-08-21,60.29999923706055,55.68000030517578
2019-08-22,59.91999816894531,55.349998474121094
2019-08-23,59.34000015258789,54.16999816894531
2019-08-26,58.70000076293945,53.63999938964844
2019-08-27,59.5099983215332,54.93000030517578
2019-08-28,60.4900016784668,55.779998779296875
2019-08-29,61.08000183105469,56.709999084472656
2019-08-30,60.43000030517578,55.099998474121094
2019-09-03,58.2599983215332,53.939998626708984
2019-09-04,60.70000076293945,56.2599983215332
2019-09-05,60.95000076293945,56.29999923706055
2019-09-06,61.540000915527344,56.52000045776367
2019-09-09,62.59000015258789,57.849998474121094
2019-09-10,62.380001068115234,57.400001525878906
2019-09-11,60.810001373291016,55.75
2019-09-12,60.380001068115234,55.09000015258789
2019-09-13,60.220001220703125,54.849998474121094
2019-09-16,69.0199966430664,62.900001525878906
2019-09-17,64.55000305175781,59.34000015258789
2019-09-18,63.599998474121094,58.11000061035156
2019-09-19,64.4000015258789,58.130001068115234
2019-09-20,64.27999877929688,58.09000015258789
2019-09-23,64.7699966430664,58.63999938964844
2019-09-24,63.099998474121094,57.290000915527344
2019-09-25,62.38999938964844,56.4900016784668
2019-09-26,62.7400016784668,56.40999984741211
2019-09-27,61.90999984741211,55.90999984741211
2019-09-30,60.779998779296875,54.06999969482422
2019-10-01,58.88999938964844,53.619998931884766
2019-10-02,57.689998626708984,52.63999938964844
2019-10-03,57.709999084472656,52.45000076293945
2019-10-04,58.369998931884766,52.810001373291016
2019-10-07,58.349998474121094,52.75
2019-10-08,58.2400016784668,52.630001068115234
2019-10-09,58.31999969482422,52.59000015258789
2019-10-10,59.099998474121094,53.54999923706055
2019-10-11,60.5099983215332,54.70000076293945
2019-10-14,59.349998474121094,53.59000015258789
2019-10-15,58.7400016784668,52.810001373291016
2019-10-16,59.41999816894531,53.36000061035156
2019-10-17,59.90999984741211,53.93000030517578
2019-10-18,59.41999816894531,53.779998779296875
2019-10-21,58.959999084472656,53.310001373291016
2019-10-22,59.70000076293945,54.15999984741211
2019-10-23,61.16999816894531,55.970001220703125
2019-10-24,61.66999816894531,56.22999954223633
2019-10-25,62.02000045776367,56.65999984741211
2019-10-28,61.56999969482422,55.810001373291016
2019-10-29,61.59000015258789,55.540000915527344
2019-10-30,60.61000061035156,55.060001373291016
2019-10-31,60.22999954223633,54.18000030517578
2019-11-01,61.689998626708984,56.20000076293945
2019-11-04,62.130001068115234,56.540000915527344
2019-11-05,62.959999084472656,57.22999954223633
2019-11-06,61.7400016784668,56.349998474121094
2019-11-07,62.290000915527344,57.150001525878906
2019-11-08,62.5099983215332,57.2400016784668
2019-11-11,62.18000030517578,56.86000061035156
2019-11-12,62.060001373291016,56.79999923706055
2019-11-13,62.369998931884766,57.119998931884766
2019-11-14,62.279998779296875,56.77000045776367
2019-11-15,63.29999923706055,57.720001220703125
2019-11-18,62.439998626708984,57.04999923706055
2019-11-19,60.90999984741211,55.209999084472656
2019-11-20,62.400001525878906,57.11000061035156
2019-11-21,63.970001220703125,58.58000183105469
2019-11-22,63.38999938964844,57.77000045776367
2019-11-25,63.650001525878906,58.0099983215332
2019-11-26,64.2699966430664,58.40999984741211
2019-11-27,64.05999755859375,58.11000061035156
2019-11-29,62.43000030517578,55.16999816894531
2019-12-02,60.91999816894531,55.959999084472656
2019-12-03,60.81999969482422,56.099998474121094
2019-12-04,63.0,58.43000030517578
2019-12-05,63.38999938964844,58.43000030517578
2019-12-06,64.38999938964844,59.20000076293945
2019-12-09,64.25,59.02000045776367
2019-12-10,64.33999633789062,59.2400016784668
2019-12-11,63.720001220703125,58.7599983215332
2019-12-12,64.19999694824219,59.18000030517578
2019-12-13,65.22000122070312,60.06999969482422
2019-12-16,65.33999633789062,60.209999084472656
2019-12-17,66.0999984741211,60.939998626708984
2019-12-18,66.16999816894531,60.93000030517578
2019-12-19,66.54000091552734,61.220001220703125
2019-12-20,66.13999938964844,60.439998626708984
2019-12-23,66.38999938964844,60.52000045776367
2019-12-24,67.19999694824219,61.11000061035156
2019-12-26,67.91999816894531,61.68000030517578
2019-12-27,68.16000366210938,61.720001220703125
2019-12-30,68.44000244140625,61.68000030517578
2019-12-31,66.0,61.060001373291016
2020-01-02,66.25,61.18000030517578
2020-01-03,68.5999984741211,63.04999923706055
2020-01-06,68.91000366210938,63.27000045776367
2020-01-07,68.2699966430664,62.70000076293945
2020-01-08,65.44000244140625,59.61000061035156
2020-01-09,65.37000274658203,59.560001373291016
2020-01-10,64.9800033569336,59.040000915527344
2020-01-13,64.19999694824219,58.08000183105469
2020-01-14,64.48999786376953,58.22999954223633
2020-01-15,64.0,57.810001373291016
2020-01-16,64.62000274658203,58.52000045776367
2020-01-17,64.8499984741211,58.540000915527344
2020-01-21,64.58999633789062,58.34000015258789
2020-01-22,63.209999084472656,56.7400016784668
2020-01-23,62.040000915527344,55.59000015258789
2020-01-24,60.689998626708984,54.189998626708984
2020-01-27,59.31999969482422,53.13999938964844
2020-01-28,59.5099983215332,53.47999954223633
2020-01-29,59.810001373291016,53.33000183105469
2020-01-30,58.290000915527344,52.13999938964844
2020-01-31,58.15999984741211,51.560001373291016
2020-02-03,54.45000076293945,50.11000061035156
2020-02-04,53.959999084472656,49.61000061035156
2020-02-05,55.279998779296875,50.75
2020-02-06,54.93000030517578,50.95000076293945
2020-02-07,54.470001220703125,50.31999969482422
2020-02-10,53.27000045776367,49.56999969482422
2020-02-11,54.0099983215332,49.939998626708984
2020-02-12,55.790000915527344,51.16999816894531
2020-02-13,56.34000015258789,51.41999816894531
2020-02-14,57.31999969482422,52.04999923706055
2020-02-18,57.75,52.04999923706055
2020-02-19,59.119998931884766,53.290000915527344
2020-02-20,59.310001373291016,53.779998779296875
2020-02-21,58.5,53.380001068115234
2020-02-24,56.29999923706055,51.43000030517578
2020-02-25,54.95000076293945,49.900001525878906
2020-02-26,53.43000030517578,48.72999954223633
2020-02-27,52.18000030517578,47.09000015258789
2020-02-28,50.52000045776367,44.7599983215332
2020-03-02,51.900001525878906,46.75
2020-03-03,51.86000061035156,47.18000030517578
2020-03-04,51.130001068115234,46.779998779296875
2020-03-05,49.9900016784668,45.900001525878906
2020-03-06,45.27000045776367,41.279998779296875
2020-03-09,34.36000061035156,31.1299991607666
2020-03-10,37.220001220703125,34.36000061035156
2020-03-11,35.790000915527344,32.97999954223633
2020-03-12,33.220001220703125,31.5
2020-03-13,33.849998474121094,31.729999542236328
2020-03-16,30.049999237060547,28.700000762939453
2020-03-17,28.729999542236328,26.950000762939453
2020-03-18,24.8799991607666,20.3700008392334
2020-03-19,28.469999313354492,25.219999313354492
2020-03-20,26.979999542236328,22.43000030517578
2020-03-23,27.030000686645508,23.360000610351562
2020-03-24,27.149999618530273,24.010000228881836
2020-03-25,27.389999389648438,24.489999771118164
2020-03-26,26.34000015258789,22.600000381469727
2020-03-27,24.93000030517578,21.510000228881836
2020-03-30,22.760000228881836,20.09000015258789
2020-03-31,22.739999771118164,20.479999542236328
2020-04-01,24.739999771118164,20.309999465942383
2020-04-02,29.940000534057617,25.31999969482422
2020-04-03,34.11000061035156,28.34000015258789
2020-04-06,33.04999923706055,26.079999923706055
2020-04-07,31.8700008392334,23.6299991607666
2020-04-08,32.84000015258789,25.09000015258789
2020-04-09,31.479999542236328,22.760000228881836
2020-04-13,31.739999771118164,22.40999984741211
2020-04-14,29.600000381469727,20.110000610351562
2020-04-15,27.690000534057617,19.8700008392334
2020-04-16,27.81999969482422,19.8700008392334
2020-04-17,28.079999923706055,18.270000457763672
2020-04-20,25.56999969482422,-37.630001068115234
2020-04-21,19.329999923706055,10.010000228881836
2020-04-22,20.3700008392334,13.779999732971191
2020-04-23,21.329999923706055,16.5
2020-04-24,21.440000534057617,16.940000534057617
2020-04-27,19.989999771118164,12.779999732971191
2020-04-28,20.459999084472656,12.34000015258789
2020-04-29,22.540000915527344,15.0600004196167
2020-04-30,25.270000457763672,18.84000015258789
2020-05-01,26.440000534057617,19.780000686645508
2020-05-04,27.200000762939453,20.389999389648438
2020-05-05,30.969999313354492,24.559999465942383
2020-05-06,29.719999313354492,23.989999771118164
2020-05-07,29.459999084472656,23.549999237060547
2020-05-08,30.969999313354492,24.739999771118164
2020-05-11,29.6299991607666,24.139999389648438
2020-05-12,29.979999542236328,25.780000686645508
2020-05-13,29.190000534057617,25.290000915527344
2020-05-14,31.1299991607666,27.559999465942383
2020-05-15,32.5,29.43000030517578
2020-05-18,34.810001373291016,31.81999969482422
2020-05-19,34.650001525878906,32.5
2020-05-20,35.75,33.4900016784668
2020-05-21,36.060001373291016,33.91999816894531
2020-05-22,35.130001068115234,33.25
2020-05-26,36.16999816894531,34.349998474121094
2020-05-27,34.7400016784668,32.810001373291016
2020-05-28,35.290000915527344,33.709999084472656
2020-05-29,35.33000183105469,35.4900016784668
2020-06-01,38.31999969482422,35.439998626708984
2020-06-02,39.56999969482422,36.810001373291016
2020-06-03,39.790000915527344,37.290000915527344
2020-06-04,39.9900016784668,37.40999984741211
2020-06-05,42.29999923706055,39.54999923706055
2020-06-08,40.79999923706055,38.189998626708984
2020-06-09,41.18000030517578,38.939998626708984
2020-06-10,41.72999954223633,39.599998474121094
2020-06-11,38.54999923706055,36.34000015258789
2020-06-12,38.72999954223633,36.2599983215332
2020-06-15,39.720001220703125,37.119998931884766
2020-06-16,40.959999084472656,38.380001068115234
2020-06-17,40.709999084472656,37.959999084472656
2020-06-18,41.5099983215332,38.84000015258789
2020-06-19,42.189998626708984,39.75
2020-06-22,43.08000183105469,40.459999084472656
2020-06-23,42.630001068115234,40.369998931884766
2020-06-24,40.310001373291016,38.0099983215332
2020-06-25,41.04999923706055,38.720001220703125
2020-06-26,41.02000045776367,38.4900016784668
2020-06-29,41.709999084472656,39.70000076293945
2020-06-30,41.150001525878906,39.27000045776367
2020-07-01,42.029998779296875,39.81999969482422
2020-07-02,43.13999938964844,40.650001525878906
2020-07-06,43.099998474121094,40.630001068115234
2020-07-07,43.08000183105469,40.619998931884766
2020-07-08,43.290000915527344,40.900001525878906
2020-07-09,42.349998474121094,39.619998931884766
2020-07-10,43.2400016784668,40.54999923706055
2020-07-13,42.720001220703125,40.099998474121094
2020-07-14,42.900001525878906,40.290000915527344
2020-07-15,43.790000915527344,41.20000076293945
2020-07-16,43.369998931884766,40.75
2020-07-17,43.13999938964844,40.59000015258789
2020-07-20,43.279998779296875,40.810001373291016
2020-07-21,44.31999969482422,41.959999084472656
2020-07-22,44.290000915527344,41.900001525878906
2020-07-23,43.310001373291016,41.06999969482422
2020-07-24,43.34000015258789,41.290000915527344
2020-07-27,43.40999984741211,41.599998474121094
2020-07-28,43.220001220703125,41.040000915527344
2020-07-29,43.75,41.27000045776367
2020-07-30,42.939998626708984,39.91999816894531
2020-07-31,43.29999923706055,40.27000045776367
2020-08-03,44.150001525878906,41.0099983215332
2020-08-04,44.43000030517578,41.70000076293945
2020-08-05,45.16999816894531,42.189998626708984
2020-08-06,45.09000015258789,41.95000076293945
2020-08-07,44.400001525878906,41.220001220703125
2020-08-10,44.9900016784668,41.939998626708984
2020-08-11,44.5,41.61000061035156
2020-08-12,45.43000030517578,42.66999816894531
2020-08-13,44.959999084472656,42.2400016784668
2020-08-14,44.79999923706055,42.0099983215332
2020-08-17,45.369998931884766,42.88999938964844
2020-08-18,45.459999084472656,42.88999938964844
2020-08-19,45.369998931884766,42.93000030517578
2020-08-20,44.900001525878906,42.58000183105469
2020-08-21,44.349998474121094,42.34000015258789
2020-08-24,45.130001068115234,42.619998931884766
2020-08-25,45.86000061035156,43.349998474121094
2020-08-26,45.63999938964844,43.38999938964844
2020-08-27,45.09000015258789,43.040000915527344
2020-08-28,45.04999923706055,42.970001220703125
2020-08-31,45.279998779296875,42.61000061035156
2020-09-01,45.58000183105469,42.7599983215332
2020-09-02,44.43000030517578,41.5099983215332
2020-09-03,44.06999969482422,41.369998931884766
2020-09-04,42.65999984741211,39.77000045776367
2020-09-08,39.779998779296875,36.7599983215332
2020-09-09,40.790000915527344,38.04999923706055
2020-09-10,40.060001373291016,37.29999923706055
2020-09-11,39.83000183105469,37.33000183105469
2020-09-14,39.61000061035156,37.2599983215332
2020-09-15,40.529998779296875,38.279998779296875
2020-09-16,42.220001220703125,40.15999984741211
2020-09-17,43.29999923706055,40.970001220703125
2020-09-18,43.150001525878906,41.11000061035156
2020-09-21,41.439998626708984,39.310001373291016
2020-09-22,41.720001220703125,39.599998474121094
2020-09-23,41.77000045776367,39.93000030517578
2020-09-24,41.939998626708984,40.310001373291016
2020-09-25,41.91999816894531,40.25
2020-09-28,42.43000030517578,40.599998474121094
2020-09-29,41.029998779296875,39.290000915527344
2020-09-30,40.95000076293945,40.220001220703125
2020-10-01,40.93000030517578,38.720001220703125
2020-10-02,39.27000045776367,37.04999923706055
2020-10-05,41.290000915527344,39.220001220703125
2020-10-06,42.650001525878906,40.66999816894531
2020-10-07,41.9900016784668,39.95000076293945
2020-10-08,43.34000015258789,41.189998626708984
2020-10-09,42.849998474121094,40.599998474121094
2020-10-12,41.720001220703125,39.43000030517578
2020-10-13,42.45000076293945,40.20000076293945
2020-10-14,43.31999969482422,41.040000915527344
2020-10-15,43.15999984741211,40.959999084472656
2020-10-16,42.93000030517578,40.880001068115234
2020-10-19,42.619998931884766,40.83000183105469
2020-10-20,43.15999984741211,41.459999084472656
2020-10-21,41.72999954223633,40.029998779296875
2020-10-22,42.459999084472656,40.63999938964844
2020-10-23,41.77000045776367,39.849998474121094
2020-10-26,40.459999084472656,38.560001373291016
2020-10-27,41.20000076293945,39.56999969482422
2020-10-28,39.119998931884766,37.38999938964844
2020-10-29,37.650001525878906,36.16999816894531
2020-10-30,37.459999084472656,35.790000915527344
2020-11-02,38.970001220703125,36.810001373291016
2020-11-03,39.709999084472656,37.65999984741211
2020-11-04,41.22999954223633,39.150001525878906
2020-11-05,40.93000030517578,38.790000915527344
2020-11-06,39.45000076293945,37.13999938964844
2020-11-09,42.400001525878906,40.290000915527344
2020-11-10,43.61000061035156,41.36000061035156
2020-11-11,43.79999923706055,41.45000076293945
2020-11-12,43.529998779296875,41.119998931884766
2020-11-13,42.779998779296875,40.130001068115234
2020-11-16,43.81999969482422,41.34000015258789
2020-11-17,43.75,41.43000030517578
2020-11-18,44.34000015258789,41.81999969482422
2020-11-19,44.20000076293945,41.7400016784668
2020-11-20,44.959999084472656,42.150001525878906
2020-11-23,46.060001373291016,43.060001373291016
2020-11-24,47.86000061035156,44.90999984741211
2020-11-25,48.61000061035156,45.709999084472656
2020-11-27,48.18000030517578,45.529998779296875
2020-11-30,47.59000015258789,45.34000015258789
2020-12-01,47.41999816894531,44.54999923706055
2020-12-02,48.25,45.279998779296875
2020-12-03,48.709999084472656,45.63999938964844
2020-12-04,49.25,46.2599983215332
2020-12-07,48.790000915527344,45.7599983215332
2020-12-08,48.84000015258789,45.599998474121094
2020-12-09,48.86000061035156,45.52000045776367
2020-12-10,50.25,46.779998779296875
2020-12-11,49.970001220703125,46.56999969482422
2020-12-14,50.290000915527344,46.9900016784668
2020-12-15,50.7599983215332,47.619998931884766
2020-12-16,51.08000183105469,47.81999969482422
2020-12-17,51.5,48.36000061035156
2020-12-18,52.2599983215332,49.099998474121094
2020-12-21,50.90999984741211,47.7400016784668
2020-12-22,50.08000183105469,47.02000045776367
2020-12-23,51.20000076293945,48.119998931884766
2020-12-24,51.290000915527344,48.22999954223633
2020-12-28,50.86000061035156,47.619998931884766
2020-12-29,51.09000015258789,48.0
2020-12-30,51.34000015258789,48.400001525878906
2020-12-31,51.79999923706055,48.52000045776367
2021-01-04,51.09000015258789,47.619998931884766
2021-01-05,53.599998474121094,49.93000030517578
2021-01-06,54.29999923706055,50.630001068115234
2021-01-07,54.380001068115234,50.83000183105469
2021-01-08,55.9900016784668,52.2400016784668
2021-01-11,55.65999984741211,52.25
2021-01-12,56.58000183105469,53.209999084472656
2021-01-13,56.060001373291016,52.90999984741211
2021-01-14,56.41999816894531,53.56999969482422
2021-01-15,55.099998474121094,52.36000061035156
2021-01-19,55.900001525878906,52.97999954223633
2021-01-20,56.08000183105469,53.2400016784668
2021-01-21,56.099998474121094,53.130001068115234
2021-01-22,55.40999984741211,52.27000045776367
2021-01-25,55.880001068115234,52.77000045776367
2021-01-26,55.90999984741211,52.61000061035156
2021-01-27,55.810001373291016,52.849998474121094
2021-01-28,55.529998779296875,52.34000015258789
2021-01-29,55.880001068115234,52.20000076293945
2021-02-01,56.349998474121094,53.54999923706055
2021-02-02,57.459999084472656,54.7599983215332
2021-02-03,58.459999084472656,55.689998626708984
2021-02-04,58.84000015258789,56.22999954223633
2021-02-05,59.34000015258789,56.849998474121094
2021-02-08,60.560001373291016,57.970001220703125
2021-02-09,61.09000015258789,58.36000061035156
2021-02-10,61.470001220703125,58.68000030517578
2021-02-11,61.13999938964844,58.2400016784668
2021-02-12,62.43000030517578,59.470001220703125
2021-02-16,63.349998474121094,60.04999923706055
2021-02-17,64.33999633789062,61.13999938964844
2021-02-18,63.93000030517578,60.52000045776367
2021-02-19,62.90999984741211,59.2400016784668
2021-02-22,65.23999786376953,61.4900016784668
2021-02-23,65.37000274658203,61.66999816894531
2021-02-24,67.04000091552734,63.220001220703125
2021-02-25,66.87999725341797,63.529998779296875
2021-02-26,66.12999725341797,61.5
2021-03-01,63.689998626708984,60.63999938964844
2021-03-02,62.70000076293945,59.75
2021-03-03,64.06999969482422,61.279998779296875
2021-03-04,66.73999786376953,63.83000183105469
2021-03-05,69.36000061035156,66.08999633789062
2021-03-08,68.23999786376953,65.05000305175781
2021-03-09,67.5199966430664,64.01000213623047
2021-03-10,67.9000015258789,64.44000244140625
2021-03-11,69.62999725341797,66.0199966430664
2021-03-12,69.22000122070312,65.61000061035156
2021-03-15,68.87999725341797,65.38999938964844
2021-03-16,68.38999938964844,64.80000305175781
2021-03-17,68.0,64.5999984741211
2021-03-18,63.279998779296875,60.0
2021-03-19,64.52999877929688,61.41999816894531
2021-03-22,64.62000274658203,61.54999923706055
2021-03-23,60.790000915527344,57.7599983215332
2021-03-24,64.41000366210938,61.18000030517578
2021-03-25,61.95000076293945,58.560001373291016
2021-03-26,64.56999969482422,60.970001220703125
2021-03-29,64.9800033569336,61.560001373291016
2021-03-30,64.13999938964844,60.54999923706055
2021-03-31,63.540000915527344,59.15999984741211
2021-04-01,64.86000061035156,61.45000076293945
2021-04-05,62.150001525878906,58.650001525878906
2021-04-06,62.7400016784668,59.33000183105469
2021-04-07,63.15999984741211,59.77000045776367
2021-04-08,63.20000076293945,59.599998474121094
2021-04-09,62.95000076293945,59.31999969482422
2021-04-12,63.279998779296875,59.70000076293945
2021-04-13,63.66999816894531,60.18000030517578
2021-04-14,66.58000183105469,63.150001525878906
2021-04-15,66.94000244140625,63.459999084472656
2021-04-16,66.7699966430664,63.130001068115234
2021-04-19,67.05000305175781,63.380001068115234
2021-04-20,66.56999969482422,62.439998626708984
2021-04-21,65.31999969482422,61.349998474121094
2021-04-22,65.4000015258789,61.43000030517578
2021-04-23,66.11000061035156,62.13999938964844
2021-04-26,65.6500015258789,61.90999984741211
2021-04-27,66.41999816894531,62.939998626708984
2021-04-28,67.2699966430664,63.86000061035156
2021-04-29,68.55999755859375,65.01000213623047
2021-04-30,67.25,63.58000183105469
2021-05-03,67.55999755859375,64.48999786376953
2021-05-04,68.87999725341797,65.69000244140625
2021-05-05,68.95999908447266,65.62999725341797
2021-05-06,68.08999633789062,64.70999908447266
2021-05-07,68.27999877929688,64.9000015258789
2021-05-10,68.31999969482422,64.91999816894531
2021-05-11,68.55000305175781,65.27999877929688
2021-05-12,69.31999969482422,66.08000183105469
2021-05-13,67.05000305175781,63.81999969482422
2021-05-14,68.70999908447266,65.37000274658203
2021-05-17,69.45999908447266,66.2699966430664
2021-05-18,68.70999908447266,65.48999786376953
2021-05-19,66.66000366210938,63.36000061035156
2021-05-20,65.11000061035156,62.04999923706055
2021-05-21,66.44000244140625,63.58000183105469
2021-05-24,68.45999908447266,66.05000305175781
2021-05-25,68.6500015258789,66.06999969482422
2021-05-26,68.87000274658203,66.20999908447266
2021-05-27,69.45999908447266,66.8499984741211
2021-05-28,69.62999725341797,66.31999969482422
2021-06-01,70.25,67.72000122070312
2021-06-02,71.3499984741211,68.83000183105469
2021-06-03,71.30999755859375,68.80999755859375
2021-06-04,71.88999938964844,69.62000274658203
2021-06-07,71.48999786376953,69.2300033569336
2021-06-08,72.22000122070312,70.05000305175781
2021-06-09,72.22000122070312,69.95999908447266
2021-06-10,72.5199966430664,70.29000091552734
2021-06-11,72.69000244140625,70.91000366210938
2021-06-14,72.86000061035156,70.87999725341797
2021-06-15,73.98999786376953,72.12000274658203
2021-06-16,74.38999938964844,72.1500015258789
2021-06-17,73.08000183105469,71.04000091552734
2021-06-18,73.51000213623047,71.63999938964844
2021-06-21,74.9000015258789,73.66000366210938
2021-06-22,74.80999755859375,73.05999755859375
2021-06-23,75.19000244140625,73.08000183105469
2021-06-24,75.55999755859375,73.30000305175781
2021-06-25,76.18000030517578,74.05000305175781
2021-06-28,74.68000030517578,72.91000366210938
2021-06-29,74.76000213623047,72.9800033569336
2021-06-30,75.12999725341797,73.47000122070312
2021-07-01,75.83999633789062,75.2300033569336
2021-07-02,76.16999816894531,75.16000366210938
2021-07-06,74.52999877929688,73.37000274658203
2021-07-07,73.43000030517578,72.19999694824219
2021-07-08,74.12000274658203,72.94000244140625
2021-07-09,75.55000305175781,74.55999755859375
2021-07-12,75.16000366210938,74.0999984741211
2021-07-13,76.48999786376953,75.25
2021-07-14,74.76000213623047,73.12999725341797
2021-07-15,73.47000122070312,71.6500015258789
2021-07-16,73.58999633789062,71.80999755859375
2021-07-19,68.62000274658203,66.41999816894531
2021-07-20,69.3499984741211,67.41999816894531
2021-07-21,72.2300033569336,70.30000305175781
2021-07-22,73.79000091552734,71.91000366210938
2021-07-23,74.0999984741211,72.06999969482422
2021-07-26,74.5,71.91000366210938
2021-07-27,74.4800033569336,71.6500015258789
2021-07-28,74.73999786376953,72.38999938964844
2021-07-29,76.05000305175781,73.62000274658203
2021-07-30,76.33000183105469,73.94999694824219
2021-08-02,72.88999938964844,71.26000213623047
2021-08-03,72.41000366210938,70.55999755859375
2021-08-04,70.37999725341797,68.1500015258789
2021-08-05,71.29000091552734,69.08999633789062
2021-08-06,70.69999694824219,68.27999877929688
2021-08-09,69.04000091552734,66.4800033569336
2021-08-10,70.62999725341797,68.29000091552734
2021-08-11,71.44000244140625,69.25
2021-08-12,71.30999755859375,69.08999633789062
2021-08-13,70.58999633789062,68.44000244140625
2021-08-16,69.51000213623047,67.29000091552734
2021-08-17,69.02999877929688,66.58999633789062
2021-08-18,68.2300033569336,65.45999908447266
2021-08-19,66.44999694824219,63.689998626708984
2021-08-20,65.18000030517578,62.31999969482422
2021-08-23,68.75,65.63999938964844
2021-08-24,71.05000305175781,67.54000091552734
2021-08-25,72.25,68.36000061035156
2021-08-26,71.06999969482422,67.41999816894531
2021-08-27,72.69999694824219,68.73999786376953
2021-08-30,73.41000366210938,69.20999908447266
2021-08-31,72.98999786376953,68.5
2021-09-01,71.58999633789062,68.58999633789062
2021-09-02,73.02999877929688,69.98999786376953
2021-09-03,72.61000061035156,69.29000091552734
2021-09-07,71.69000244140625,68.3499984741211
2021-09-08,72.5999984741211,69.30000305175781
2021-09-09,71.44999694824219,68.13999938964844
2021-09-10,72.91999816894531,69.72000122070312
2021-09-13,73.51000213623047,70.44999694824219
2021-09-14,73.5999984741211,70.45999908447266
2021-09-15,75.45999908447266,72.61000061035156
2021-09-16,75.66999816894531,72.61000061035156
2021-09-17,75.33999633789062,71.97000122070312
2021-09-20,73.91999816894531,70.29000091552734
2021-09-21,74.36000061035156,70.55999755859375
2021-09-22,76.19000244140625,72.2300033569336
2021-09-23,77.25,73.30000305175781
2021-09-24,78.08999633789062,73.9800033569336
2021-09-27,79.52999877929688,75.44999694824219
2021-09-28,79.08999633789062,75.29000091552734
2021-09-29,78.63999938964844,74.83000183105469
2021-09-30,78.5199966430664,75.02999877929688
2021-10-01,79.27999877929688,75.87999725341797
2021-10-04,81.26000213623047,77.62000274658203
2021-10-05,82.55999755859375,78.93000030517578
2021-10-06,81.08000183105469,77.43000030517578
2021-10-07,81.94999694824219,78.30000305175781
2021-10-08,82.38999938964844,79.3499984741211
2021-10-11,83.6500015258789,80.5199966430664
2021-10-12,83.41999816894531,80.63999938964844
2021-10-13,83.18000030517578,80.44000244140625
2021-10-14,84.0,81.30999755859375
2021-10-15,84.86000061035156,82.27999877929688
2021-10-18,84.33000183105469,82.44000244140625
2021-10-19,85.08000183105469,82.95999908447266
2021-10-20,85.81999969482422,83.87000274658203
2021-10-21,84.61000061035156,82.5
2021-10-22,85.52999877929688,83.76000213623047
2021-10-25,85.98999786376953,83.76000213623047
2021-10-26,86.4000015258789,84.6500015258789
2021-10-27,84.58000183105469,82.66000366210938
2021-10-28,84.31999969482422,82.80999755859375
2021-10-29,84.37999725341797,83.56999969482422
2021-11-01,84.70999908447266,84.05000305175781
2021-11-02,84.72000122070312,83.91000366210938
2021-11-03,81.98999786376953,80.86000061035156
2021-11-04,80.54000091552734,78.80999755859375
2021-11-05,82.73999786376953,81.2699966430664
2021-11-08,83.43000030517578,81.93000030517578
2021-11-09,84.77999877929688,84.1500015258789
2021-11-10,82.63999938964844,81.33999633789062
2021-11-11,82.87000274658203,81.58999633789062
2021-11-12,82.16999816894531,80.79000091552734
2021-11-15,82.05000305175781,80.87999725341797
2021-11-16,82.43000030517578,80.76000213623047
2021-11-17,80.27999877929688,78.36000061035156
2021-11-18,81.23999786376953,79.01000213623047
2021-11-19,78.88999938964844,76.0999984741211
2021-11-22,79.69999694824219,76.75
2021-11-23,82.30999755859375,78.5
2021-11-24,82.25,78.38999938964844
2021-11-26,72.72000122070312,68.1500015258789
2021-11-29,73.44000244140625,69.94999694824219
2021-11-30,70.56999969482422,66.18000030517578
2021-12-01,68.87000274658203,65.56999969482422
2021-12-02,69.66999816894531,66.5
2021-12-03,69.87999725341797,66.26000213623047
2021-12-06,73.08000183105469,69.48999786376953
2021-12-07,75.44000244140625,72.05000305175781
2021-12-08,75.81999969482422,72.36000061035156
2021-12-09,74.41999816894531,70.94000244140625
2021-12-10,75.1500015258789,71.66999816894531
2021-12-13,74.38999938964844,71.29000091552734
2021-12-14,73.69999694824219,70.7300033569336
2021-12-15,73.87999725341797,70.87000274658203
2021-12-16,75.0199966430664,72.37999725341797
2021-12-17,73.5199966430664,70.86000061035156
2021-12-20,71.5199966430664,68.2300033569336
2021-12-21,73.9800033569336,71.12000274658203
2021-12-22,75.29000091552734,72.76000213623047
2021-12-23,76.8499984741211,73.79000091552734
2021-12-27,78.5999984741211,75.56999969482422
2021-12-28,78.94000244140625,75.9800033569336
2021-12-29,79.2300033569336,76.55999755859375
2021-12-30,79.31999969482422,76.98999786376953
2021-12-31,77.77999877929688,75.20999908447266
2022-01-03,78.9800033569336,76.08000183105469
2022-01-04,80.0,76.98999786376953
2022-01-05,80.80000305175781,77.8499984741211
2022-01-06,81.98999786376953,79.45999908447266
2022-01-07,81.75,78.9000015258789
2022-01-10,80.87000274658203,78.2300033569336
2022-01-11,83.72000122070312,81.22000122070312
2022-01-12,84.66999816894531,82.63999938964844
2022-01-13,84.47000122070312,82.12000274658203
2022-01-14,86.05999755859375,83.81999969482422
2022-01-18,87.51000213623047,85.43000030517578
2022-01-19,88.44000244140625,86.95999908447266
2022-01-20,88.37999725341797,86.9000015258789
2022-01-21,87.88999938964844,85.13999938964844
2022-01-24,86.2699966430664,83.30999755859375
2022-01-25,88.19999694824219,85.5999984741211
2022-01-26,89.95999908447266,87.3499984741211
2022-01-27,89.33999633789062,86.61000061035156
2022-01-28,90.02999877929688,86.81999969482422
2022-01-31,91.20999908447266,88.1500015258789
2022-02-01,89.16000366210938,88.19999694824219
2022-02-02,89.47000122070312,88.26000213623047
2022-02-03,91.11000061035156,90.2699966430664
2022-02-04,93.2699966430664,92.30999755859375
2022-02-07,92.69000244140625,91.31999969482422
2022-02-08,90.77999877929688,89.36000061035156
2022-02-09,91.55000305175781,89.66000366210938
2022-02-10,91.41000366210938,89.87999725341797
2022-02-11,94.44000244140625,93.0999984741211
2022-02-14,96.4800033569336,95.45999908447266
2022-02-15,93.27999877929688,92.06999969482422
2022-02-16,94.80999755859375,93.66000366210938
2022-02-17,92.97000122070312,91.76000213623047
2022-02-18,93.54000091552734,91.06999969482422
2022-02-22,96.83999633789062,92.3499984741211
2022-02-23,96.83999633789062,92.0999984741211
2022-02-24,99.08000183105469,92.80999755859375
2022-02-25,97.93000030517578,91.58999633789062
2022-02-28,100.98999786376953,95.72000122070312
2022-03-01,104.97000122070312,103.41000366210938
2022-03-02,112.93000030517578,110.5999984741211
2022-03-03,110.45999908447266,107.66999816894531
2022-03-04,118.11000061035156,115.68000030517578
2022-03-07,123.20999908447266,119.4000015258789
2022-03-08,127.9800033569336,123.69999694824219
2022-03-09,111.13999938964844,108.69999694824219
2022-03-10,109.33000183105469,106.0199966430664
2022-03-11,112.66999816894531,109.33000183105469
2022-03-14,106.9000015258789,103.01000213623047
2022-03-15,99.91000366210938,96.44000244140625
2022-03-16,98.0199966430664,95.04000091552734
2022-03-17,106.63999938964844,102.9800033569336
2022-03-18,107.93000030517578,104.69999694824219
2022-03-21,115.62000274658203,112.12000274658203
2022-03-22,115.4800033569336,111.76000213623047
2022-03-23,121.5999984741211,114.93000030517578
2022-03-24,119.02999877929688,112.33999633789062
2022-03-25,120.6500015258789,113.9000015258789
2022-03-28,112.4800033569336,105.95999908447266
2022-03-29,110.2300033569336,104.23999786376953
2022-03-30,113.44999694824219,107.81999969482422
2022-03-31,107.91000366210938,100.27999877929688
2022-04-01,104.38999938964844,99.2699966430664
2022-04-04,107.52999877929688,103.27999877929688
2022-04-05,106.63999938964844,101.95999908447266
2022-04-06,101.06999969482422,96.2300033569336
2022-04-07,100.58000183105469,96.02999877929688
2022-04-08,102.77999877929688,98.26000213623047
2022-04-11,98.4800033569336,94.29000091552734
2022-04-12,104.63999938964844,100.5999984741211
2022-04-13,108.77999877929688,104.25
2022-04-14,111.69999694824219,106.94999694824219
2022-04-18,113.16000366210938,108.20999908447266
2022-04-19,107.25,102.55999755859375
2022-04-20,106.80000305175781,102.75
2022-04-21,108.33000183105469,103.79000091552734
2022-04-22,106.6500015258789,102.06999969482422
2022-04-25,102.31999969482422,98.54000091552734
2022-04-26,104.98999786376953,101.69999694824219
2022-04-27,105.31999969482422,102.0199966430664
2022-04-28,107.58999633789062,105.36000061035156
2022-04-29,109.33999633789062,104.69000244140625
2022-05-02,107.58000183105469,105.16999816894531
2022-05-03,104.97000122070312,102.41000366210938
2022-05-04,110.13999938964844,107.80999755859375
2022-05-05,110.9000015258789,108.26000213623047
2022-05-06,112.38999938964844,109.7699966430664
2022-05-09,105.94000244140625,103.08999633789062
2022-05-10,102.45999908447266,99.76000213623047
2022-05-11,107.51000213623047,105.70999908447266
2022-05-12,107.44999694824219,106.12999725341797
2022-05-13,111.55000305175781,110.48999786376953
2022-05-16,114.23999786376953,114.19999694824219
2022-05-17,111.93000030517578,112.4000015258789
2022-05-18,109.11000061035156,109.58999633789062
2022-05-19,112.04000091552734,112.20999908447266
2022-05-20,112.55000305175781,113.2300033569336
2022-05-23,113.41999816894531,110.29000091552734
2022-05-24,113.55999755859375,109.7699966430664
2022-05-25,114.02999877929688,110.33000183105469
2022-05-26,117.4000015258789,114.08999633789062
2022-05-27,119.43000030517578,115.06999969482422
2022-05-31,122.83999633789062,114.66999816894531
2022-06-01,116.29000091552734,115.26000213623047
2022-06-02,117.61000061035156,116.87000274658203
2022-06-03,119.72000122070312,118.87000274658203
2022-06-06,119.51000213623047,118.5
2022-06-07,120.56999969482422,119.41000366210938
2022-06-08,123.58000183105469,122.11000061035156
2022-06-09,123.06999969482422,121.51000213623047
2022-06-10,122.01000213623047,120.66999816894531
2022-06-13,122.2699966430664,120.93000030517578
2022-06-14,121.16999816894531,118.93000030517578
2022-06-15,118.51000213623047,115.30999755859375
2022-06-16,119.80999755859375,117.58999633789062
2022-06-17,113.12000274658203,109.55999755859375
2022-06-21,114.6500015258789,110.6500015258789
2022-06-22,111.73999786376953,106.19000244140625
2022-06-23,110.05000305175781,104.2699966430664
2022-06-24,113.12000274658203,107.62000274658203
2022-06-27,115.08999633789062,109.56999969482422
2022-06-28,117.9800033569336,111.76000213623047
2022-06-29,116.26000213623047,109.77999877929688
2022-06-30,114.80999755859375,105.76000213623047
2022-07-01,111.62999725341797,108.43000030517578
2022-07-05,102.7699966430664,99.5
2022-07-06,100.69000244140625,98.52999877929688
2022-07-07,104.6500015258789,102.7300033569336
2022-07-08,107.0199966430664,104.79000091552734
2022-07-11,107.0999984741211,104.08999633789062
2022-07-12,99.48999786376953,95.83999633789062
2022-07-13,99.56999969482422,96.30000305175781
2022-07-14,99.0999984741211,95.77999877929688
2022-07-15,101.16000366210938,97.58999633789062
2022-07-18,106.2699966430664,102.5999984741211
2022-07-19,107.3499984741211,104.22000122070312
2022-07-20,106.91999816894531,102.26000213623047
2022-07-21,103.86000061035156,96.3499984741211
2022-07-22,103.19999694824219,94.69999694824219
2022-07-25,105.1500015258789,96.69999694824219
2022-07-26,104.4000015258789,94.9800033569336
2022-07-27,106.62000274658203,97.26000213623047
2022-07-28,107.13999938964844,96.41999816894531
2022-07-29,110.01000213623047,98.62000274658203
2022-08-01,100.02999877929688,93.88999938964844
2022-08-02,100.54000091552734,94.41999816894531
2022-08-03,96.77999877929688,90.66000366210938
2022-08-04,94.12000274658203,88.54000091552734
2022-08-05,94.91999816894531,89.01000213623047
2022-08-08,96.6500015258789,90.76000213623047
2022-08-09,96.30999755859375,90.5
2022-08-10,97.4000015258789,91.93000030517578
2022-08-11,99.5999984741211,94.33999633789062
2022-08-12,98.1500015258789,92.08999633789062
2022-08-15,95.0999984741211,89.41000366210938
2022-08-16,92.33999633789062,86.52999877929688
2022-08-17,93.6500015258789,88.11000061035156
2022-08-18,96.58999633789062,90.5
2022-08-19,96.72000122070312,90.7699966430664
2022-08-22,96.4800033569336,90.2300033569336
2022-08-23,100.22000122070312,93.73999786376953
2022-08-24,101.22000122070312,94.88999938964844
2022-08-25,99.33999633789062,92.5199966430664
2022-08-26,100.98999786376953,93.05999755859375
2022-08-29,105.08999633789062,97.01000213623047
2022-08-30,99.30999755859375,91.63999938964844
2022-08-31,96.48999786376953,89.55000305175781
2022-09-01,92.36000061035156,86.61000061035156
2022-09-02,93.0199966430664,86.87000274658203
2022-09-06,92.83000183105469,86.87999725341797
2022-09-07,88.0,81.94000244140625
2022-09-08,89.1500015258789,83.54000091552734
2022-09-09,92.83999633789062,86.79000091552734
2022-09-12,94.0,87.77999877929688
2022-09-13,93.16999816894531,87.30999755859375
2022-09-14,94.0999984741211,88.4800033569336
2022-09-15,90.83999633789062,85.0999984741211
2022-09-16,91.3499984741211,85.11000061035156
2022-09-19,92.0,85.7300033569336
2022-09-20,90.62000274658203,84.44999694824219
2022-09-21,89.83000183105469,82.94000244140625
2022-09-22,90.45999908447266,83.48999786376953
2022-09-23,86.1500015258789,78.73999786376953
2022-09-26,84.05999755859375,76.70999908447266
2022-09-27,86.2699966430664,78.5
2022-09-28,89.31999969482422,82.1500015258789
2022-09-29,88.48999786376953,81.2300033569336
2022-09-30,87.95999908447266,79.48999786376953
2022-10-03,88.86000061035156,83.62999725341797
2022-10-04,91.80000305175781,86.5199966430664
2022-10-05,93.37000274658203,87.76000213623047
2022-10-06,94.41999816894531,88.44999694824219
2022-10-07,97.91999816894531,92.63999938964844
2022-10-10,96.19000244140625,91.12999725341797
2022-10-11,94.29000091552734,89.3499984741211
2022-10-12,92.44999694824219,87.2699966430664
2022-10-13,94.56999969482422,89.11000061035156
2022-10-14,91.62999725341797,85.61000061035156
2022-10-17,91.62000274658203,85.45999908447266
2022-10-18,90.02999877929688,82.81999969482422
2022-10-19,92.41000366210938,85.55000305175781
2022-10-20,92.37999725341797,85.9800033569336
2022-10-21,93.5,85.05000305175781
2022-10-24,93.26000213623047,84.58000183105469
2022-10-25,93.5199966430664,85.31999969482422
2022-10-26,95.69000244140625,87.91000366210938
2022-10-27,96.95999908447266,89.08000183105469
2022-10-28,95.7699966430664,87.9000015258789
2022-10-31,94.83000183105469,86.52999877929688
2022-11-01,94.6500015258789,88.37000274658203
2022-11-02,96.16000366210938,90.0
2022-11-03,94.66999816894531,88.16999816894531
2022-11-04,98.56999969482422,92.61000061035156
2022-11-07,97.91999816894531,91.79000091552734
2022-11-08,95.36000061035156,88.91000366210938
2022-11-09,92.6500015258789,85.83000183105469
2022-11-10,93.66999816894531,86.47000122070312
2022-11-11,95.98999786376953,88.95999908447266
2022-11-14,93.13999938964844,85.87000274658203
2022-11-15,93.86000061035156,86.91999816894531
2022-11-16,92.86000061035156,85.58999633789062
2022-11-17,89.77999877929688,81.63999938964844
2022-11-18,87.62000274658203,80.08000183105469
2022-11-21,87.44999694824219,79.7300033569336
2022-11-22,88.36000061035156,80.94999694824219
2022-11-23,85.41000366210938,77.94000244140625
2022-11-25,83.62999725341797,76.27999877929688
2022-11-28,83.19000244140625,77.23999786376953
2022-11-29,83.02999877929688,78.19999694824219
2022-11-30,85.43000030517578,80.55000305175781
2022-12-01,86.87999725341797,81.22000122070312
2022-12-02,85.56999969482422,79.9800033569336
2022-12-05,82.68000030517578,76.93000030517578
2022-12-06,79.3499984741211,74.25
2022-12-07,77.16999816894531,72.01000213623047
2022-12-08,76.1500015258789,71.45999908447266
2022-12-09,76.0999984741211,71.0199966430664
2022-12-12,77.98999786376953,73.16999816894531
2022-12-13,80.68000030517578,75.38999938964844
2022-12-14,82.69999694824219,77.27999877929688
2022-12-15,81.20999908447266,76.11000061035156
2022-12-16,79.04000091552734,74.29000091552734
2022-12-19,79.80000305175781,75.19000244140625
2022-12-20,79.98999786376953,76.08999633789062
2022-12-21,82.19999694824219,78.29000091552734
2022-12-22,80.9800033569336,77.48999786376953
2022-12-23,83.91999816894531,79.55999755859375
2022-12-27,84.33000183105469,79.52999877929688
2022-12-28,83.26000213623047,78.95999908447266
2022-12-29,82.26000213623047,78.4000015258789
2022-12-30,85.91000366210938,80.26000213623047
2023-01-03,82.0999984741211,76.93000030517578
2023-01-04,77.83999633789062,72.83999633789062
2023-01-05,78.69000244140625,73.66999816894531
2023-01-06,78.56999969482422,73.7699966430664
2023-01-09,79.6500015258789,74.62999725341797
2023-01-10,80.0999984741211,75.12000274658203
2023-01-11,82.66999816894531,77.41000366210938
2023-01-12,84.02999877929688,78.38999938964844
2023-01-13,85.27999877929688,79.86000061035156
2023-01-17,85.91999816894531,80.18000030517578
2023-01-18,84.9800033569336,79.4800033569336
2023-01-19,86.16000366210938,80.33000183105469
2023-01-20,87.62999725341797,81.30999755859375
2023-01-23,88.19000244140625,81.62000274658203
2023-01-24,86.12999725341797,80.12999725341797
2023-01-25,86.12000274658203,80.1500015258789
2023-01-26,87.47000122070312,81.01000213623047
2023-01-27,86.66000366210938,79.68000030517578
2023-01-30,84.9000015258789,77.9000015258789
2023-01-31,84.48999786376953,78.87000274658203
2023-02-01,82.83999633789062,76.41000366210938
2023-02-02,82.16999816894531,75.87999725341797
2023-02-03,79.94000244140625,73.38999938964844
2023-02-06,80.98999786376953,74.11000061035156
2023-02-07,83.69000244140625,77.13999938964844
2023-02-08,85.08999633789062,78.47000122070312
2023-02-09,84.5,78.05999755859375
2023-02-10,86.38999938964844,79.72000122070312
2023-02-13,86.61000061035156,80.13999938964844
2023-02-14,85.58000183105469,79.05999755859375
2023-02-15,85.37999725341797,78.58999633789062
2023-02-16,85.13999938964844,78.48999786376953
2023-02-17,83.0,76.33999633789062
2023-02-21,83.05000305175781,76.16000366210938
2023-02-22,80.5999984741211,73.94999694824219
2023-02-23,82.20999908447266,75.38999938964844
2023-02-24,83.16000366210938,76.31999969482422
2023-02-27,82.44999694824219,75.68000030517578
2023-02-28,83.88999938964844,77.05000305175781
2023-03-01,84.30999755859375,77.69000244140625
2023-03-02,84.75,78.16000366210938
2023-03-03,85.83000183105469,79.68000030517578
2023-03-06,86.18000030517578,80.45999908447266
2023-03-07,83.29000091552734,77.58000183105469
2023-03-08,82.66000366210938,76.66000366210938
2023-03-09,81.58999633789062,75.72000122070312
2023-03-10,82.77999877929688,76.68000030517578
2023-03-13,80.7699966430664,74.80000305175781
2023-03-14,77.44999694824219,71.33000183105469
2023-03-15,73.69000244140625,67.61000061035156
2023-03-16,74.69999694824219,68.3499984741211
2023-03-17,72.97000122070312,66.73999786376953
2023-03-20,73.79000091552734,67.63999938964844
2023-03-21,75.31999969482422,69.33000183105469
2023-03-22,76.69000244140625,70.9000015258789
2023-03-23,75.91000366210938,69.95999908447266
2023-03-24,74.98999786376953,69.26000213623047
2023-03-27,78.12000274658203,72.80999755859375
2023-03-28,78.6500015258789,73.19999694824219
2023-03-29,78.27999877929688,72.97000122070312
2023-03-30,79.2699966430664,74.37000274658203
2023-03-31,79.7699966430664,75.66999816894531
2023-04-03,84.93000030517578,80.41999816894531
2023-04-04,84.94000244140625,80.70999908447266
2023-04-05,84.98999786376953,80.61000061035156
2023-04-06,85.12000274658203,80.69999694824219
2023-04-10,84.18000030517578,79.73999786376953
2023-04-11,85.61000061035156,81.52999877929688
2023-04-12,87.33000183105469,83.26000213623047
2023-04-13,86.08999633789062,82.16000366210938
2023-04-14,86.30999755859375,82.5199966430664
2023-04-17,84.76000213623047,80.83000183105469
2023-04-18,84.7699966430664,80.86000061035156
2023-04-19,83.12000274658203,79.16000366210938
2023-04-20,81.0999984741211,77.29000091552734
2023-04-21,81.66000366210938,77.87000274658203
2023-04-24,82.7300033569336,78.76000213623047
2023-04-25,80.7699966430664,77.06999969482422
2023-04-26,77.69000244140625,74.30000305175781
2023-04-27,78.37000274658203,74.76000213623047
2023-04-28,79.54000091552734,76.77999877929688
2023-05-01,79.30999755859375,75.66000366210938
2023-05-02,75.31999969482422,71.66000366210938
2023-05-03,72.33000183105469,68.5999984741211
2023-05-04,72.5,68.55999755859375
2023-05-05,75.30000305175781,71.33999633789062
2023-05-08,77.01000213623047,73.16000366210938
2023-05-09,77.44000244140625,73.70999908447266
2023-05-10,76.41000366210938,72.55999755859375
2023-05-11,74.9800033569336,70.87000274658203
2023-05-12,74.16999816894531,70.04000091552734
2023-05-15,75.2300033569336,71.11000061035156
2023-05-16,74.91000366210938,70.86000061035156
2023-05-17,76.95999908447266,72.83000183105469
2023-05-18,75.86000061035156,71.86000061035156
2023-05-19,75.58000183105469,71.55000305175781
2023-05-22,75.98999786376953,71.98999786376953
2023-05-23,76.83999633789062,72.91000366210938
2023-05-24,78.36000061035156,74.33999633789062
2023-05-25,76.26000213623047,71.83000183105469
2023-05-26,76.94999694824219,72.66999816894531
2023-05-30,73.54000091552734,69.45999908447266
2023-05-31,72.66000366210938,68.08999633789062
2023-06-01,74.27999877929688,70.0999984741211
2023-06-02,76.12999725341797,71.73999786376953
2023-06-05,76.70999908447266,72.1500015258789
2023-06-06,76.29000091552734,71.73999786376953
2023-06-07,76.94999694824219,72.52999877929688
2023-06-08,75.95999908447266,71.29000091552734
2023-06-09,74.79000091552734,70.16999816894531
2023-06-12,71.83999633789062,67.12000274658203
2023-06-13,74.29000091552734,69.41999816894531
2023-06-14,73.19999694824219,68.2699966430664
2023-06-15,75.66999816894531,70.62000274658203
2023-06-16,76.61000061035156,71.77999877929688
2023-06-20,75.9000015258789,70.5
2023-06-21,77.12000274658203,72.52999877929688
2023-06-22,74.13999938964844,69.51000213623047
2023-06-23,73.8499984741211,69.16000366210938
2023-06-26,74.18000030517578,69.37000274658203
2023-06-27,72.26000213623047,67.69999694824219
2023-06-28,74.02999877929688,69.55999755859375
2023-06-29,74.33999633789062,69.86000061035156
2023-06-30,74.9000015258789,70.63999938964844
2023-07-03,74.6500015258789,69.79000091552734
2023-07-05,76.6500015258789,71.79000091552734
2023-07-06,76.5199966430664,71.80000305175781
2023-07-07,78.47000122070312,73.86000061035156
2023-07-10,77.69000244140625,72.98999786376953
2023-07-11,79.4000015258789,74.83000183105469
2023-07-12,80.11000061035156,75.75
2023-07-13,81.36000061035156,76.88999938964844
2023-07-14,79.87000274658203,75.41999816894531
2023-07-17,78.5,74.1500015258789
2023-07-18,79.62999725341797,75.75
2023-07-19,79.45999908447266,75.3499984741211
2023-07-20,79.63999938964844,75.62999725341797
2023-07-21,81.06999969482422,77.06999969482422
2023-07-24,82.73999786376953,78.73999786376953
2023-07-25,83.63999938964844,79.62999725341797
2023-07-26,82.91999816894531,78.77999877929688
2023-07-27,84.23999786376953,80.08999633789062
2023-07-28,84.98999786376953,80.58000183105469
2023-07-31,85.55999755859375,81.80000305175781
2023-08-01,84.91000366210938,81.37000274658203
2023-08-02,83.19999694824219,79.48999786376953
2023-08-03,85.13999938964844,81.55000305175781
2023-08-04,86.23999786376953,82.81999969482422
2023-08-07,85.33999633789062,81.94000244140625
2023-08-08,86.16999816894531,82.91999816894531
2023-08-09,87.55000305175781,84.4000015258789
2023-08-10,86.4000015258789,82.81999969482422
2023-08-11,86.80999755859375,83.19000244140625
2023-08-14,86.20999908447266,82.51000213623047
2023-08-15,84.88999938964844,80.98999786376953
2023-08-16,83.44999694824219,79.37999725341797
2023-08-17,84.12000274658203,80.38999938964844
2023-08-18,84.80000305175781,81.25
2023-08-21,84.45999908447266,80.72000122070312
2023-08-22,84.02999877929688,80.3499984741211
2023-08-23,83.20999908447266,78.88999938964844
2023-08-24,83.36000061035156,79.05000305175781
2023-08-25,84.4800033569336,79.83000183105469
2023-08-28,84.41999816894531,80.0999984741211
2023-08-29,85.48999786376953,81.16000366210938
2023-08-30,85.86000061035156,81.62999725341797
2023-08-31,86.86000061035156,83.62999725341797
2023-09-01,88.55000305175781,85.55000305175781
2023-09-05,90.04000091552734,86.69000244140625
2023-09-06,90.5999984741211,87.54000091552734
2023-09-07,89.91999816894531,86.87000274658203
2023-09-08,90.6500015258789,87.51000213623047
2023-09-11,90.63999938964844,87.29000091552734
2023-09-12,92.05999755859375,88.83999633789062
2023-09-13,91.87999725341797,88.5199966430664
2023-09-14,93.69999694824219,90.16000366210938
2023-09-15,93.93000030517578,90.7699966430664
2023-09-18,94.43000030517578,91.4800033569336
2023-09-19,94.33999633789062,91.19999694824219
2023-09-20,93.52999877929688,90.27999877929688
2023-09-21,93.30000305175781,89.62999725341797
2023-09-22,93.2699966430664,90.02999877929688
2023-09-25,93.29000091552734,89.68000030517578
2023-09-26,93.95999908447266,90.38999938964844
2023-09-27,96.55000305175781,93.68000030517578
2023-09-28,95.37999725341797,91.70999908447266
2023-09-29,95.30999755859375,90.79000091552734
2023-10-02,90.70999908447266,88.81999969482422
2023-10-03,90.91999816894531,89.2300033569336
2023-10-04,85.80999755859375,84.22000122070312
2023-10-05,84.06999969482422,82.30999755859375
2023-10-06,84.58000183105469,82.79000091552734
2023-10-09,88.1500015258789,86.37999725341797
2023-10-10,87.6500015258789,85.97000122070312
2023-10-11,85.81999969482422,83.48999786376953
2023-10-12,86.0,82.91000366210938
2023-10-13,90.88999938964844,87.69000244140625
2023-10-16,89.6500015258789,86.66000366210938
2023-10-17,89.9000015258789,86.66000366210938
2023-10-18,91.5,88.31999969482422
2023-10-19,92.37999725341797,89.37000274658203
2023-10-20,92.16000366210938,88.75
2023-10-23,89.83000183105469,85.48999786376953
2023-10-24,88.06999969482422,83.73999786376953
2023-10-25,90.12999725341797,85.38999938964844
2023-10-26,87.93000030517578,83.20999908447266
2023-10-27,90.4800033569336,85.54000091552734
2023-10-30,87.44999694824219,82.30999755859375
2023-10-31,87.41000366210938,81.0199966430664
2023-11-01,84.62999725341797,80.44000244140625
2023-11-02,86.8499984741211,82.45999908447266
2023-11-03,84.88999938964844,80.51000213623047
2023-11-06,85.18000030517578,80.81999969482422
2023-11-07,81.61000061035156,77.37000274658203
2023-11-08,79.54000091552734,75.33000183105469
2023-11-09,80.01000213623047,75.73999786376953
2023-11-10,81.43000030517578,77.16999816894531
2023-11-13,82.5199966430664,78.26000213623047
2023-11-14,82.47000122070312,78.26000213623047
2023-11-15,81.18000030517578,76.66000366210938
2023-11-16,77.41999816894531,72.9000015258789
2023-11-17,80.61000061035156,75.88999938964844
2023-11-20,82.31999969482422,77.5999984741211
2023-11-21,82.44999694824219,77.7699966430664
2023-11-22,81.95999908447266,77.0999984741211
2023-11-23,81.37000274658203,
2023-11-24,80.58000183105469,75.54000091552734
2023-11-27,79.9800033569336,74.86000061035156
2023-11-28,81.68000030517578,76.41000366210938
2023-11-29,83.0999984741211,77.86000061035156
2023-11-30,82.83000183105469,75.95999908447266
2023-12-01,78.87999725341797,74.06999969482422
2023-12-04,78.02999877929688,73.04000091552734
2023-12-05,77.19999694824219,72.31999969482422
2023-12-06,74.30000305175781,69.37999725341797
2023-12-07,74.05000305175781,69.33999633789062
2023-12-08,75.83999633789062,71.2300033569336
2023-12-11,76.02999877929688,71.31999969482422
2023-12-12,73.23999786376953,68.61000061035156
2023-12-13,74.26000213623047,69.47000122070312
2023-12-14,76.61000061035156,71.58000183105469
2023-12-15,76.55000305175781,71.43000030517578
2023-12-18,77.94999694824219,72.47000122070312
2023-12-19,79.2300033569336,73.44000244140625
2023-12-20,79.69999694824219,74.22000122070312
2023-12-21,79.38999938964844,73.88999938964844
2023-12-22,79.06999969482422,73.55999755859375
2023-12-26,81.06999969482422,75.56999969482422
2023-12-27,79.6500015258789,74.11000061035156
2023-12-28,78.38999938964844,71.7699966430664
2023-12-29,77.04000091552734,71.6500015258789
2024-01-02,75.88999938964844,70.37999725341797
2024-01-03,78.25,72.69999694824219
2024-01-04,77.58999633789062,72.19000244140625
2024-01-05,78.76000213623047,73.80999755859375
2024-01-08,76.12000274658203,70.7699966430664
2024-01-09,77.58999633789062,72.23999786376953
2024-01-10,76.80000305175781,71.37000274658203
2024-01-11,77.41000366210938,72.0199966430664
2024-01-12,78.29000091552734,72.68000030517578
2024-01-16,78.29000091552734,72.4000015258789
2024-01-17,77.87999725341797,72.55999755859375
2024-01-18,79.0999984741211,74.08000183105469
2024-01-19,78.55999755859375,73.41000366210938
2024-01-22,80.05999755859375,75.19000244140625
2024-01-23,79.55000305175781,74.37000274658203
2024-01-24,80.04000091552734,75.08999633789062
2024-01-25,82.43000030517578,77.36000061035156
2024-01-26,83.55000305175781,78.01000213623047
2024-01-29,82.4000015258789,76.77999877929688
2024-01-30,82.87000274658203,77.81999969482422
2024-01-31,81.70999908447266,75.8499984741211
2024-02-01,78.69999694824219,73.81999969482422
2024-02-02,77.33000183105469,72.27999877929688
2024-02-05,77.98999786376953,72.77999877929688
2024-02-06,78.58999633789062,73.30999755859375
2024-02-07,79.20999908447266,73.86000061035156
2024-02-08,81.62999725341797,76.22000122070312
2024-02-09,82.19000244140625,76.83999633789062
2024-02-12,82.0,76.91999816894531
2024-02-13,82.7699966430664,77.87000274658203
2024-02-14,81.5999984741211,76.63999938964844
2024-02-15,82.86000061035156,78.02999877929688
2024-02-16,83.47000122070312,79.19000244140625
2024-02-20,82.33999633789062,78.18000030517578
2024-02-21,83.02999877929688,77.91000366210938
2024-02-22,83.66999816894531,78.61000061035156
2024-02-23,81.62000274658203,76.48999786376953
2024-02-26,82.52999877929688,77.58000183105469
2024-02-27,83.6500015258789,78.87000274658203
2024-02-28,83.68000030517578,78.54000091552734
2024-02-29,83.62000274658203,78.26000213623047
2024-03-01,83.55000305175781,79.97000122070312
2024-03-04,82.80000305175781,78.73999786376953
2024-03-05,82.04000091552734,78.1500015258789
2024-03-06,82.95999908447266,79.12999725341797
2024-03-07,82.95999908447266,78.93000030517578
2024-03-08,82.08000183105469,78.01000213623047
2024-03-11,82.20999908447266,77.93000030517578
2024-03-12,81.91999816894531,77.55999755859375
2024-03-13,84.02999877929688,79.72000122070312
2024-03-14,85.41999816894531,81.26000213623047
2024-03-15,85.33999633789062,81.04000091552734
2024-03-18,86.88999938964844,82.72000122070312
2024-03-19,87.37999725341797,83.47000122070312
2024-03-20,85.94999694824219,81.68000030517578
2024-03-21,85.77999877929688,81.06999969482422
2024-03-22,85.43000030517578,80.62999725341797
2024-03-25,86.75,81.94999694824219
2024-03-26,86.25,81.62000274658203
2024-03-27,86.08999633789062,81.3499984741211
2024-03-28,87.4800033569336,83.16999816894531
2024-04-01,87.41999816894531,83.70999908447266
2024-04-02,88.91999816894531,85.1500015258789
2024-04-03,89.3499984741211,85.43000030517578
2024-04-04,90.6500015258789,86.58999633789062
2024-04-05,91.16999816894531,86.91000366210938
2024-04-08,90.37999725341797,86.43000030517578
2024-04-09,89.41999816894531,85.2300033569336
2024-04-10,90.4800033569336,86.20999908447266
2024-04-11,89.73999786376953,85.0199966430664
2024-04-12,90.44999694824219,85.66000366210938
2024-04-15,90.0999984741211,85.41000366210938
2024-04-16,90.0199966430664,85.36000061035156
2024-04-17,87.29000091552734,82.69000244140625
2024-04-18,87.11000061035156,82.7300033569336
2024-04-19,87.29000091552734,83.13999938964844
2024-04-22,87.0,82.8499984741211
2024-04-23,88.41999816894531,83.36000061035156
2024-04-24,88.0199966430664,82.80999755859375
2024-04-25,89.01000213623047,83.56999969482422
2024-04-26,89.5,83.8499984741211
2024-04-29,88.4000015258789,82.62999725341797
2024-04-30,87.86000061035156,81.93000030517578
2024-05-01,83.44000244140625,79.0
2024-05-02,83.66999816894531,78.94999694824219
2024-05-03,82.95999908447266,78.11000061035156
2024-05-06,83.33000183105469,78.4800033569336
2024-05-07,83.16000366210938,78.37999725341797
2024-05-08,83.58000183105469,78.98999786376953
2024-05-09,83.87999725341797,79.26000213623047
2024-05-10,82.79000091552734,78.26000213623047
2024-05-13,83.36000061035156,79.12000274658203
2024-05-14,82.37999725341797,78.0199966430664
2024-05-15,82.75,78.62999725341797
2024-05-16,83.2699966430664,79.2300033569336
2024-05-17,83.9800033569336,80.05999755859375
2024-05-20,83.70999908447266,79.80000305175781
2024-05-21,82.87999725341797,79.26000213623047
2024-05-22,81.9000015258789,77.56999969482422
2024-05-23,81.36000061035156,76.87000274658203
2024-05-24,82.12000274658203,77.72000122070312
2024-05-28,84.22000122070312,79.83000183105469
2024-05-29,83.5999984741211,79.2300033569336
2024-05-30,81.86000061035156,77.91000366210938
2024-05-31,81.62000274658203,76.98999786376953
2024-06-03,78.36000061035156,74.22000122070312
2024-06-04,77.5199966430664,73.25
2024-06-05,78.41000366210938,74.06999969482422
2024-06-06,79.87000274658203,75.55000305175781
2024-06-07,79.62000274658203,75.52999877929688
2024-06-10,81.62999725341797,77.73999786376953
2024-06-11,81.91999816894531,77.9000015258789
2024-06-12,82.5999984741211,78.5
2024-06-13,82.75,78.62000274658203
2024-06-14,82.62000274658203,78.44999694824219
2024-06-17,84.25,80.33000183105469
2024-06-18,85.33000183105469,81.56999969482422
2024-06-20,85.70999908447266,82.16999816894531
2024-06-21,85.23999786376953,80.7300033569336
2024-06-24,86.01000213623047,81.62999725341797
2024-06-25,85.01000213623047,80.83000183105469
2024-06-26,85.25,80.9000015258789
2024-06-27,86.38999938964844,81.73999786376953
2024-06-28,86.41000366210938,81.54000091552734
2024-07-01,86.5999984741211,83.37999725341797
2024-07-02,86.23999786376953,82.80999755859375
2024-07-03,87.33999633789062,83.87999725341797
2024-07-05,86.54000091552734,83.16000366210938
2024-07-08,85.75,82.33000183105469
2024-07-09,84.66000366210938,81.41000366210938
2024-07-10,85.08000183105469,82.0999984741211
2024-07-11,85.4000015258789,82.62000274658203
2024-07-12,85.02999877929688,82.20999908447266
2024-07-15,84.8499984741211,81.91000366210938
2024-07-16,83.7300033569336,80.76000213623047
2024-07-17,85.08000183105469,82.8499984741211
2024-07-18,85.11000061035156,82.81999969482422
2024-07-19,82.62999725341797,80.12999725341797
2024-07-22,82.4000015258789,79.77999877929688
2024-07-23,81.01000213623047,76.95999908447266
2024-07-24,81.70999908447266,77.58999633789062
2024-07-25,82.37000274658203,78.27999877929688
2024-07-26,81.12999725341797,77.16000366210938
2024-07-29,79.77999877929688,75.80999755859375
2024-07-30,78.62999725341797,74.7300033569336
2024-07-31,80.72000122070312,77.91000366210938
2024-08-01,79.5199966430664,76.30999755859375
2024-08-02,76.80999755859375,73.5199966430664
2024-08-05,76.30000305175781,72.94000244140625
2024-08-06,76.4800033569336,73.19999694824219
2024-08-07,78.33000183105469,75.2300033569336
2024-08-08,79.16000366210938,76.19000244140625
2024-08-09,79.66000366210938,76.83999633789062
2024-08-12,82.30000305175781,80.05999755859375
2024-08-13,80.69000244140625,78.3499984741211
2024-08-14,79.76000213623047,76.9800033569336
2024-08-15,81.04000091552734,78.16000366210938
2024-08-16,79.68000030517578,76.6500015258789
2024-08-19,77.66000366210938,74.37000274658203
2024-08-20,77.19999694824219,74.04000091552734
2024-08-21,76.05000305175781,71.93000030517578
2024-08-22,77.22000122070312,73.01000213623047
2024-08-23,79.0199966430664,74.83000183105469
2024-08-26,81.43000030517578,77.41999816894531
2024-08-27,79.55000305175781,75.52999877929688
2024-08-28,78.6500015258789,74.5199966430664
2024-08-29,79.94000244140625,75.91000366210938
2024-08-30,78.80000305175781,73.55000305175781
2024-09-03,73.75,70.33999633789062
2024-09-04,72.69999694824219,69.19999694824219
2024-09-05,72.69000244140625,69.1500015258789
2024-09-06,71.05999755859375,67.66999816894531
2024-09-09,71.83999633789062,68.70999908447266
2024-09-10,69.19000244140625,65.75
2024-09-11,70.61000061035156,67.30999755859375
2024-09-12,71.97000122070312,68.97000122070312
2024-09-13,71.61000061035156,68.6500015258789
2024-09-16,72.75,70.08999633789062
2024-09-17,73.69999694824219,71.19000244140625
2024-09-18,73.6500015258789,70.91000366210938
2024-09-19,74.87999725341797,71.94999694824219
2024-09-20,74.48999786376953,71.91999816894531
2024-09-23,73.9000015258789,70.37000274658203
2024-09-24,75.16999816894531,71.55999755859375
2024-09-25,73.45999908447266,69.69000244140625
2024-09-26,71.5999984741211,67.66999816894531
2024-09-27,71.9800033569336,68.18000030517578
2024-09-30,71.7699966430664,68.16999816894531
2024-10-01,73.55999755859375,69.83000183105469
2024-10-02,73.9000015258789,70.0999984741211
2024-10-03,77.62000274658203,73.70999908447266
2024-10-04,78.05000305175781,74.37999725341797
2024-10-07,80.93000030517578,77.13999938964844
2024-10-08,77.18000030517578,73.56999969482422
2024-10-09,76.58000183105469,73.23999786376953
2024-10-10,79.4000015258789,75.8499984741211
2024-10-11,79.04000091552734,75.55999755859375
2024-10-14,77.45999908447266,73.83000183105469
2024-10-15,74.25,70.58000183105469
2024-10-16,74.22000122070312,70.38999938964844
2024-10-17,74.44999694824219,70.66999816894531
2024-10-18,73.05999755859375,69.22000122070312
2024-10-21,74.29000091552734,70.55999755859375
2024-10-22,76.04000091552734,72.08999633789062
2024-10-23,74.95999908447266,70.7699966430664
2024-10-24,74.37999725341797,70.19000244140625
2024-10-25,76.05000305175781,71.77999877929688
2024-10-28,71.41999816894531,67.37999725341797
2024-10-29,71.12000274658203,67.20999908447266
2024-10-30,72.55000305175781,68.61000061035156
2024-10-31,73.16000366210938,69.26000213623047
2024-11-01,73.0999984741211,69.48999786376953
2024-11-04,75.08000183105469,71.47000122070312
2024-11-05,75.52999877929688,71.98999786376953
2024-11-06,74.91999816894531,71.69000244140625
2024-11-07,75.62999725341797,72.36000061035156
2024-11-08,73.87000274658203,70.37999725341797
2024-11-11,71.83000183105469,68.04000091552734
2024-11-12,71.88999938964844,68.12000274658203
2024-11-13,72.27999877929688,68.43000030517578
2024-11-14,72.55999755859375,68.69999694824219
2024-11-15,71.04000091552734,67.0199966430664
2024-11-18,73.30000305175781,69.16000366210938
2024-11-19,73.30999755859375,69.38999938964844
2024-11-20,72.80999755859375,68.87000274658203
2024-11-21,74.2300033569336,70.0999984741211
2024-11-22,75.16999816894531,71.23999786376953
2024-11-25,73.01000213623047,68.94000244140625
2024-11-26,72.80999755859375,68.7699966430664
2024-11-27,72.83000183105469,68.72000122070312
2024-11-29,72.94000244140625,68.0
2024-12-02,71.83000183105469,68.0999984741211
2024-12-03,73.62000274658203,69.94000244140625
2024-12-04,72.30999755859375,68.54000091552734
2024-12-05,72.08999633789062,68.30000305175781
2024-12-06,71.12000274658203,67.19999694824219
2024-12-09,72.13999938964844,68.37000274658203
2024-12-10,72.19000244140625,68.58999633789062
2024-12-11,73.5199966430664,70.29000091552734
2024-12-12,73.41000366210938,70.0199966430664
2024-12-13,74.48999786376953,71.29000091552734
2024-12-16,73.91000366210938,70.70999908447266
2024-12-17,73.19000244140625,70.08000183105469
2024-12-18,73.38999938964844,70.58000183105469
2024-12-19,72.87999725341797,69.91000366210938
2024-12-20,72.94000244140625,69.45999908447266
2024-12-23,72.62999725341797,69.23999786376953
2024-12-24,73.58000183105469,70.0999984741211
2024-12-26,73.26000213623047,69.62000274658203
2024-12-27,74.16999816894531,70.5999984741211
2024-12-30,74.38999938964844,70.98999786376953
2024-12-31,74.63999938964844,71.72000122070312
2025-01-02,75.93000030517578,73.12999725341797
2025-01-03,76.51000213623047,73.95999908447266
2025-01-06,76.30000305175781,73.55999755859375
2025-01-07,77.05000305175781,74.25
2025-01-08,76.16000366210938,73.31999969482422
2025-01-09,76.91999816894531,73.91999816894531
2025-01-10,79.76000213623047,76.56999969482422
2025-01-13,81.01000213623047,78.81999969482422
2025-01-14,79.91999816894531,77.5
2025-01-15,82.02999877929688,80.04000091552734
2025-01-16,81.29000091552734,78.68000030517578
2025-01-17,80.79000091552734,77.87999725341797
2025-01-21,79.29000091552734,75.88999938964844
2025-01-22,79.0,75.44000244140625
2025-01-23,78.29000091552734,74.62000274658203
2025-01-24,78.5,74.66000366210938
2025-01-27,77.08000183105469,73.16999816894531
2025-01-28,77.48999786376953,73.7699966430664
2025-01-29,76.58000183105469,72.62000274658203
2025-01-30,76.87000274658203,72.7300033569336
2025-01-31,76.76000213623047,72.52999877929688
2025-02-03,75.95999908447266,73.16000366210938
2025-02-04,76.19999694824219,72.69999694824219
2025-02-05,74.61000061035156,71.02999877929688
2025-02-06,74.29000091552734,70.61000061035156
2025-02-07,74.66000366210938,71.0
2025-02-10,75.87000274658203,72.31999969482422
2025-02-11,77.0,73.31999969482422
2025-02-12,75.18000030517578,71.37000274658203
2025-02-13,75.0199966430664,71.29000091552734
2025-02-14,74.73999786376953,70.73999786376953
2025-02-18,75.83999633789062,71.8499984741211
2025-02-19,76.04000091552734,72.25
2025-02-20,76.4800033569336,72.56999969482422
2025-02-21,74.43000030517578,70.4000015258789
2025-02-24,74.77999877929688,70.69999694824219
2025-02-25,73.0199966430664,68.93000030517578
2025-02-26,72.52999877929688,68.62000274658203
2025-02-27,74.04000091552734,70.3499984741211
2025-02-28,73.18000030517578,69.76000213623047
2025-03-03,71.62000274658203,68.37000274658203
2025-03-04,71.04000091552734,68.26000213623047
2025-03-05,69.30000305175781,66.30999755859375
2025-03-06,69.45999908447266,66.36000061035156
2025-03-07,70.36000061035156,67.04000091552734
2025-03-10,69.27999877929688,66.02999877929688
2025-03-11,69.55999755859375,66.25
2025-03-12,70.94999694824219,67.68000030517578
2025-03-13,69.87999725341797,66.55000305175781
2025-03-14,70.58000183105469,67.18000030517578
2025-03-17,71.06999969482422,67.58000183105469
2025-03-18,70.55999755859375,66.9000015258789
2025-03-19,70.77999877929688,67.16000366210938
2025-03-20,72.0,68.26000213623047
2025-03-21,72.16000366210938,68.27999877929688
2025-03-24,73.0,69.11000061035156
2025-03-25,73.0199966430664,69.0
2025-03-26,73.79000091552734,69.6500015258789
2025-03-27,74.02999877929688,69.91999816894531
2025-03-28,73.62999725341797,69.36000061035156
2025-03-31,74.73999786376953,71.4800033569336
2025-04-01,74.48999786376953,71.19999694824219
2025-04-02,74.94999694824219,71.70999908447266
2025-04-03,70.13999938964844,66.94999694824219
2025-04-04,65.58000183105469,61.9900016784668
2025-04-07,64.20999908447266,60.70000076293945
2025-04-08,62.81999969482422,59.58000183105469
2025-04-09,65.4800033569336,62.349998474121094
2025-04-10,63.33000183105469,60.06999969482422
2025-04-11,64.76000213623047,61.5
2025-04-14,64.87999725341797,61.529998779296875
2025-04-15,64.66999816894531,61.33000183105469
2025-04-16,65.8499984741211,62.470001220703125
2025-04-17,67.95999908447266,64.68000030517578
2025-04-21,66.26000213623047,63.08000183105469
2025-04-22,67.44000244140625,64.30999755859375
2025-04-23,66.12000274658203,62.27000045776367
2025-04-24,66.55000305175781,62.790000915527344
2025-04-25,66.87000274658203,63.02000045776367
2025-04-28,65.86000061035156,62.04999923706055
2025-04-29,64.25,60.41999816894531
2025-04-30,63.119998931884766,58.209999084472656
2025-05-01,62.130001068115234,59.2400016784668
2025-05-02,61.290000915527344,58.290000915527344
2025-05-05,60.22999954223633,57.130001068115234
2025-05-06,62.150001525878906,59.09000015258789
2025-05-07,61.119998931884766,58.06999969482422
2025-05-08,62.84000015258789,59.90999984741211
2025-05-09,63.90999984741211,61.02000045776367
2025-05-12,64.95999908447266,61.95000076293945
2025-05-13,66.62999725341797,63.66999816894531
2025-05-14,66.08999633789062,63.150001525878906
2025-05-15,64.52999877929688,61.619998931884766
2025-05-16,65.41000366210938,62.4900016784668
2025-05-19,65.54000091552734,62.689998626708984
2025-05-20,65.37999725341797,62.560001373291016
2025-05-21,64.91000366210938,61.56999969482422
2025-05-22,64.44000244140625,61.20000076293945
2025-05-23,64.77999877929688,61.529998779296875
2025-05-27,64.08999633789062,60.88999938964844
2025-05-28,64.9000015258789,61.84000015258789
2025-05-29,64.1500015258789,60.939998626708984
2025-05-30,63.900001525878906,60.790000915527344
2025-06-02,64.62999725341797,62.52000045776367
2025-06-03,65.62999725341797,63.40999984741211
2025-06-04,64.86000061035156,62.849998474121094
2025-06-05,65.33999633789062,63.369998931884766
2025-06-06,66.47000122070312,64.58000183105469
2025-06-09,67.04000091552734,65.29000091552734
2025-06-10,66.87000274658203,64.9800033569336
2025-06-11,69.7699966430664,68.1500015258789
2025-06-12,69.36000061035156,68.04000091552734
2025-06-13,74.2300033569336,72.9800033569336
2025-06-16,73.2300033569336,71.7699966430664
2025-06-17,76.44999694824219,74.83999633789062
2025-06-18,76.69999694824219,75.13999938964844
2025-06-20,77.01000213623047,74.93000030517578
2025-06-23,71.4800033569336,68.51000213623047
2025-06-24,67.13999938964844,64.37000274658203
2025-06-25,67.68000030517578,64.91999816894531
2025-06-26,67.7300033569336,65.23999786376953
2025-06-27,67.7699966430664,65.5199966430664
2025-06-30,67.61000061035156,65.11000061035156
2025-07-01,67.11000061035156,65.44999694824219
2025-07-02,69.11000061035156,67.44999694824219
2025-07-03,68.80000305175781,67.0
2025-07-04,68.29000091552734,66.5
2025-07-07,69.58000183105469,67.93000030517578
2025-07-08,70.1500015258789,68.33000183105469
2025-07-09,70.19000244140625,68.37999725341797
2025-07-10,68.63999938964844,66.56999969482422
2025-07-11,70.36000061035156,68.44999694824219
2025-07-14,69.20999908447266,66.9800033569336
2025-07-15,68.70999908447266,66.5199966430664
2025-07-16,68.5199966430664,66.37999725341797
2025-07-17,69.5199966430664,67.54000091552734
2025-07-18,69.27999877929688,67.33999633789062
2025-07-21,69.20999908447266,67.19999694824219
2025-07-22,68.58999633789062,66.20999908447266
2025-07-23,68.51000213623047,65.25
2025-07-24,69.18000030517578,66.02999877929688
2025-07-25,68.44000244140625,65.16000366210938
2025-07-28,70.04000091552734,66.70999908447266
2025-07-29,72.51000213623047,69.20999908447266
2025-07-30,73.23999786376953,70.0
2025-07-31,72.52999877929688,69.26000213623047
2025-08-01,69.66999816894531,67.33000183105469
2025-08-04,68.76000213623047,66.29000091552734
2025-08-05,67.63999938964844,65.16000366210938
2025-08-06,66.88999938964844,64.3499984741211
2025-08-07,66.43000030517578,63.880001068115234
2025-08-08,66.58999633789062,63.880001068115234
2025-08-11,66.62999725341797,63.959999084472656
2025-08-12,66.12000274658203,63.16999816894531
2025-08-13,65.62999725341797,62.650001525878906
2025-08-14,66.83999633789062,63.959999084472656
2025-08-15,65.8499984741211,62.79999923706055
2025-08-18,66.5999984741211,63.41999816894531
2025-08-19,65.79000091552734,62.349998474121094
2025-08-20,66.83999633789062,63.209999084472656
2025-08-21,67.66999816894531,63.52000045776367
2025-08-22,67.7300033569336,63.65999984741211
2025-08-25,68.80000305175781,64.80000305175781
2025-08-26,67.22000122070312,63.25
2025-08-27,68.05000305175781,64.1500015258789
2025-08-28,68.62000274658203,64.5999984741211
2025-08-29,68.12000274658203,64.01000213623047
2025-09-02,69.13999938964844,65.58999633789062
2025-09-03,67.5999984741211,63.970001220703125
2025-09-04,66.98999786376953,63.47999954223633
2025-09-05,65.5,61.869998931884766
2025-09-08,66.0199966430664,62.2599983215332
2025-09-09,66.38999938964844,62.630001068115234
2025-09-10,67.48999786376953,63.66999816894531
2025-09-11,66.37000274658203,62.369998931884766
2025-09-12,66.98999786376953,62.689998626708984
2025-09-15,67.44000244140625,63.29999923706055
2025-09-16,68.47000122070312,64.5199966430664
2025-09-17,67.94999694824219,64.05000305175781
2025-09-18,67.44000244140625,63.56999969482422
2025-09-19,66.68000030517578,62.68000030517578
2025-09-22,66.56999969482422,62.63999938964844
2025-09-23,67.62999725341797,63.40999984741211
2025-09-24,69.30999755859375,64.98999786376953
2025-09-25,69.41999816894531,64.9800033569336
2025-09-26,70.12999725341797,65.72000122070312
2025-09-29,67.97000122070312,63.45000076293945
2025-09-30,67.0199966430664,62.369998931884766
2025-10-01,65.3499984741211,61.779998779296875
2025-10-02,64.11000061035156,60.47999954223633
2025-10-03,64.52999877929688,60.880001068115234
2025-10-06,65.47000122070312,61.689998626708984
2025-10-07,65.44999694824219,61.72999954223633
2025-10-08,66.25,62.54999923706055
2025-10-09,65.22000122070312,61.5099983215332
2025-10-10,62.72999954223633,58.900001525878906
2025-10-13,63.31999969482422,59.4900016784668
2025-10-14,62.38999938964844,58.70000076293945
2025-10-15,61.90999984741211,58.27000045776367
2025-10-16,61.060001373291016,57.459999084472656
2025-10-17,61.290000915527344,57.540000915527344
2025-10-20,61.0099983215332,57.52000045776367
2025-10-21,61.31999969482422,57.81999969482422
2025-10-22,62.59000015258789,58.5
2025-10-23,65.98999786376953,61.790000915527344
2025-10-24,65.94000244140625,61.5
2025-10-27,65.62000274658203,61.310001373291016
2025-10-28,64.4000015258789,60.150001525878906
2025-10-29,64.91999816894531,60.47999954223633
2025-10-30,65.0,60.56999969482422
2025-10-31,65.06999969482422,60.97999954223633
2025-11-03,64.88999938964844,61.04999923706055
2025-11-04,64.44000244140625,60.560001373291016
2025-11-05,63.52000045776367,59.599998474121094
2025-11-06,63.380001068115234,59.43000030517578
2025-11-07,63.630001068115234,59.75
2025-11-10,64.05999755859375,60.130001068115234
2025-11-11,65.16000366210938,61.040000915527344
2025-11-12,62.709999084472656,58.4900016784668
2025-11-13,63.0099983215332,58.689998626708984
2025-11-14,64.38999938964844,60.09000015258789
2025-11-17,64.19999694824219,59.90999984741211
2025-11-18,64.88999938964844,60.7400016784668
2025-11-19,63.5099983215332,59.439998626708984
2025-11-20,63.380001068115234,59.13999938964844
2025-11-21,62.560001373291016,58.060001373291016
2025-11-24,63.369998931884766,58.84000015258789
2025-11-25,62.47999954223633,57.95000076293945
2025-11-26,63.130001068115234,58.650001525878906
2025-11-28,63.20000076293945,58.54999923706055
2025-12-01,63.16999816894531,59.31999969482422
2025-12-02,62.45000076293945,58.63999938964844
2025-12-03,62.66999816894531,58.95000076293945
2025-12-04,63.2599983215332,59.66999816894531
2025-12-05,63.75,60.08000183105469
2025-12-08,62.4900016784668,58.880001068115234
2025-12-09,61.939998626708984,58.25
2025-12-10,62.209999084472656,58.459999084472656
2025-12-11,61.279998779296875,57.599998474121094
2025-12-12,61.119998931884766,57.439998626708984
2025-12-15,60.560001373291016,56.81999969482422
2025-12-16,58.91999816894531,55.27000045776367
2025-12-17,59.68000030517578,55.939998626708984
2025-12-18,59.81999969482422,56.150001525878906
2025-12-19,60.470001220703125,56.65999984741211
2025-12-22,62.06999969482422,58.0099983215332
2025-12-23,62.380001068115234,58.380001068115234
2025-12-24,62.2400016784668,58.349998474121094
2025-12-26,60.63999938964844,56.7400016784668
2025-12-29,61.939998626708984,58.08000183105469
2025-12-30,61.91999816894531,57.95000076293945
2025-12-31,60.849998474121094,57.41999816894531
2026-01-02,60.75,57.31999969482422
2026-01-05,61.7599983215332,58.31999969482422
2026-01-06,60.70000076293945,57.130001068115234
2026-01-07,59.959999084472656,55.9900016784668
2026-01-08,61.9900016784668,57.7599983215332
2026-01-09,63.34000015258789,59.119998931884766
2026-01-12,63.869998931884766,59.5
2026-01-13,65.47000122070312,61.150001525878906
2026-01-14,66.5199966430664,62.02000045776367
2026-01-15,63.7599983215332,59.189998626708984
2026-01-16,64.12999725341797,59.439998626708984
2026-01-20,64.91999816894531,60.34000015258789
2026-01-21,65.23999786376953,60.619998931884766
2026-01-22,64.05999755859375,59.36000061035156
2026-01-23,65.87999725341797,61.06999969482422
2026-01-26,65.58999633789062,60.630001068115234
2026-01-27,67.56999969482422,62.38999938964844
2026-01-28,68.4000015258789,63.209999084472656
2026-01-29,70.70999908447266,65.41999816894531
2026-01-30,70.69000244140625,65.20999908447266
2026-02-02,66.30000305175781,62.13999938964844
2026-02-03,67.33000183105469,63.209999084472656
2026-02-04,69.45999908447266,65.13999938964844
2026-02-05,67.55000305175781,63.290000915527344
2026-02-06,68.05000305175781,63.54999923706055
2026-02-09,69.04000091552734,64.36000061035156
2026-02-10,68.80000305175781,63.959999084472656
2026-02-11,69.4000015258789,64.62999725341797
2026-02-12,67.5199966430664,62.84000015258789
2026-02-13,67.75,62.88999938964844
2026-02-17,67.41999816894531,62.33000183105469
2026-02-18,70.3499984741211,65.19000244140625
2026-02-19,71.66000366210938,66.43000030517578
2026-02-20,71.76000213623047,66.38999938964844
2026-02-23,71.48999786376953,66.30999755859375
2026-02-24,70.7699966430664,65.62999725341797
2026-02-25,70.8499984741211,65.41999816894531
2026-02-26,70.75,65.20999908447266
2026-02-27,72.4800033569336,67.0199966430664
2026-03-02,77.73999786376953,71.2300033569336
2026-03-03,81.4000015258789,74.55999755859375
2026-03-04,81.4000015258789,74.66000366210938
2026-03-05,85.41000366210938,81.01000213623047
2026-03-06,92.69000244140625,90.9000015258789
2026-03-09,98.95999908447266,94.7699966430664
2026-03-10,87.80000305175781,83.44999694824219
2026-03-11,91.9800033569336,87.25
2026-03-12,100.45999908447266,95.7300033569336
2026-03-13,103.13999938964844,98.70999908447266
2026-03-16,100.20999908447266,93.5
2026-03-17,103.41999816894531,96.20999908447266
2026-03-18,107.37999725341797,96.31999969482422
2026-03-19,108.6500015258789,96.13999938964844
2026-03-20,112.19000244140625,98.31999969482422
2026-03-23,99.94000244140625,88.12999725341797
2026-03-24,104.48999786376953,92.3499984741211
2026-03-25,102.22000122070312,90.31999969482422
2026-03-26,108.01000213623047,94.4800033569336
2026-03-27,112.56999969482422,99.63999938964844
2026-03-30,112.77999877929688,102.87999725341797
2026-03-31,118.3499984741211,101.37999725341797
2026-04-01,101.16000366210938,100.12000274658203
2026-04-02,109.02999877929688,111.54000091552734
2026-04-06,109.7699966430664,112.41000366210938
2026-04-07,109.2699966430664,112.94999694824219
2026-04-08,94.75,94.41000366210938
2026-04-09,95.91999816894531,97.87000274658203
2026-04-10,95.19999694824219,96.56999969482422
2026-04-13,99.36000061035156,99.08000183105469
2026-04-14,94.79000091552734,91.27999877929688
2026-04-15,94.93000030517578,91.29000091552734
2026-04-16,99.38999938964844,94.69000244140625
2026-04-17,90.37999725341797,83.8499984741211
2026-04-20,95.4800033569336,89.61000061035156
2026-04-21,98.4800033569336,92.12999725341797
2026-04-22,101.91000366210938,92.95999908447266
2026-04-23,105.06999969482422,95.8499984741211
2026-04-24,105.33000183105469,94.4000015258789
2026-04-27,108.2300033569336,96.37000274658203
2026-04-28,111.26000213623047,99.93000030517578
2026-04-29,118.02999877929688,106.87999725341797
2026-04-30,114.01000213623047,105.06999969482422
2026-05-01,108.16999816894531,101.94000244140625
2026-05-04,114.44000244140625,106.41999816894531
2026-05-05,109.87000274658203,102.2699966430664
2026-05-06,101.2699966430664,95.08000183105469
2026-05-07,100.05999755859375,94.80999755859375
2026-05-08,101.29000091552734,95.41999816894531
2026-05-11,104.20999908447266,98.06999969482422
2026-05-12,107.7699966430664,102.18000030517578
2026-05-13,105.62999725341797,101.0199966430664
2026-05-14,105.72000122070312,101.16999816894531
2026-05-15,109.26000213623047,105.41999816894531
2026-05-18,112.0999984741211,108.66000366210938
2026-05-19,111.27999877929688,107.7699966430664
2026-05-20,105.0199966430664,98.26000213623047
2026-05-21,102.58000183105469,96.3499984741211
2026-05-22,103.54000091552734,96.5999984741211
2026-05-26,99.58000183105469,93.88999938964844
2026-05-27,94.29000091552734,88.68000030517578
2026-05-28,93.70999908447266,88.9000015258789
2026-05-29,92.05000305175781,87.36000061035156
2026-06-01,94.9800033569336,92.16000366210938
2026-06-02,96.0,93.76000213623047
2026-06-03,97.80999755859375,96.0199966430664
2026-06-04,95.02999877929688,93.04000091552734
2026-06-05,93.08999633789062,90.54000091552734
2026-06-08,94.25,91.30000305175781
2026-06-09,91.44999694824219,88.19999694824219
2026-06-10,93.0999984741211,90.02999877929688
2026-06-11,90.37999725341797,87.70999908447266
2026-06-12,87.33000183105469,84.87999725341797
2026-06-15,83.16999816894531,80.75
2026-06-16,78.95999908447266,76.05000305175781
2026-06-17,79.55000305175781,76.79000091552734
2026-06-18,79.8499984741211,76.5999984741211
2026-06-22,77.9000015258789,74.81999969482422
2026-06-23,77.08000183105469,73.20999908447266
2026-06-24,73.73999786376953,70.33999633789062
2026-06-25,75.26000213623047,71.91999816894531
2026-06-26,71.98999786376953,69.2300033569336
2026-06-29,73.1500015258789,70.75
2026-06-30,72.91999816894531,69.5
2026-07-01,71.56999969482422,68.58000183105469
2026-07-02,71.80000305175781,68.69000244140625
2026-07-06,71.98999786376953,68.55000305175781
2026-07-07,74.16000366210938,70.44000244140625
2026-07-08,78.0199966430664,73.5199966430664
2026-07-09,76.30000305175781,72.08000183105469
2026-07-10,76.01000213623047,71.41000366210938
2026-07-13,83.30000305175781,78.13999938964844
2026-07-14,84.7300033569336,79.33999633789062
2026-07-15,84.94999694824219,79.5999984741211
2026-07-16,84.2300033569336,78.94999694824219
2026-07-17,88.0999984741211,82.48999786376953
2026-07-20,89.22000122070312,83.2300033569336
2026-07-21,91.01000213623047,84.91000366210938
2026-07-22,94.06999969482422,86.83000183105469
2026-07-23,100.69000244140625,92.19000244140625
2026-07-24,96.77999877929688,89.30999755859375
2026-07-27,88.36000061035156,82.61000061035156
2026-07-28,84.08999633789062,79.26000213623047
2026-07-29,90.73999786376953,84.45999908447266
2026-07-30,89.02999877929688,83.58999633789062
2026-07-31,90.12000274658203,84.66999816894531
2026-08-03,83.7699966430664,80.33999633789062
2026-08-04,79.36000061035156,75.7699966430664
2026-08-05,79.44999694824219,75.22000122070312
2026-08-06,82.48999786376953,77.29000091552734
2026-08-07,83.55000305175781,78.18000030517578
2026-08-10,87.72000122070312,82.12999725341797
2026-08-11,88.91000366210938,83.19999694824219
2026-08-12,88.9800033569336,83.2699966430664
2026-08-13,87.06999969482422,81.25
2026-08-14,88.5199966430664,82.4000015258789
2026-08-17,90.87000274658203,84.5
2026-08-18,91.0199966430664,84.94000244140625
2026-08-19,91.62000274658203,85.83000183105469
2026-08-20,93.77999877929688,87.83000183105469
2026-08-21,94.38999938964844,87.05999755859375
